filename,PredictedAge,PredictedGender,sideburns,moustache,underLipTop_y,underLipTop_x,noseTip_y,noseTip_x,upperLipBottom_y,upperLipBottom_x,noseLeftAlarTop_y,noseLeftAlarTop_x,eyebrowLeftOuter_y,eyebrowLeftOuter_x,eyeLeftBottom_y,eyeLeftBottom_x,pupilLeft_y,pupilLeft_x,upperLipTop_y,upperLipTop_x,eyeLeftInner_y,eyeLeftInner_x,eyeRightInner_y,eyeRightInner_x,eyeLeftTop_y,eyeLeftTop_x,mouthLeft_y,mouthLeft_x,noseRightAlarTop_y,noseRightAlarTop_x,eyebrowRightInner_y,eyebrowRightInner_x,noseLeftAlarOutTip_y,noseLeftAlarOutTip_x,noseRightAlarOutTip_y,noseRightAlarOutTip_x,noseRootRight_y,noseRootRight_x,eyeLeftOuter_y,eyeLeftOuter_x,underLipBottom_y,underLipBottom_x,eyeRightTop_y,eyeRightTop_x,eyeRightOuter_y,eyeRightOuter_x,noseRootLeft_y,noseRootLeft_x,eyebrowRightOuter_y,eyebrowRightOuter_x,eyeRightBottom_y,eyeRightBottom_x,eyebrowLeftInner_y,eyebrowLeftInner_x,mouthRight_y,mouthRight_x,pupilRight_y,pupilRight_x
00296b8d69cf11d0ab2ffd2fff8890d0.jpg,23.9,female,0,0,130.9,92.6,116.8,89.7,129.5,92.6,107.1,84,78.4,55.7,91.7,71.4,88.4,72.8,127.5,92.2,89.3,77.3,89.4,105,86.1,71.3,125.7,76.5,107.5,100.9,80.6,101.2,115,80.1,115.5,104.5,90.6,96.4,89,65.8,135.4,93.2,85.3,110.8,88.1,118,91,85.7,78.2,129.7,91,111.4,79.9,78.4,126.3,110.7,87.7,111.4
002bd167b2d1d54e6c2012c071561e15.jpg,26.3,male,0.3,0.4,141.6,60.7,120,58.8,138.6,61.8,112.8,54.2,84,31.8,98.5,45.3,94.7,45,135.3,61.3,95.9,52,94.6,79.3,92.8,45.4,140.9,50.7,112.7,72,85.9,67,121.3,52,121.3,76.1,95.8,68.7,95.9,39.2,147.2,62.2,90.1,85.9,93.2,93.7,96.3,58.1,80.2,103.8,95.8,86.2,87.6,54.2,138.8,81.5,92.4,85.1
007bc3a21506a35bc885a41b60206a43.jpg,31.9,male,0.4,0.6,113,88.7,88.5,89,103,89.5,83.2,84.9,64.7,67.1,71.8,79.2,70.1,80.4,101,89.8,71.2,84,74.3,108,67.9,79.1,102.6,71.7,85,98.3,63.9,100.1,90.8,80.7,93.4,101,74.6,97.4,70.9,75,116.7,88.5,73,113.3,77.3,117.5,73.3,88,73.5,126.8,76.8,112.7,63.6,87.3,107.1,109.8,74.5,112.5
007fe9ae4271ccede72d7b98ea4ebf0f.jpg,33.5,female,0,0,124.2,96.7,103.6,93.6,119.9,97.1,95.8,87.7,69.1,60.4,80.9,74.9,78.3,73.6,116.5,96.9,79.1,81.6,77.8,117.1,76.4,74.4,117.4,77.8,94.5,105.4,69.2,107.6,104.2,83.4,103.1,112,80.3,104.4,79.2,68.7,129.4,96.5,74.5,123.3,77.1,128.9,80.8,91.4,68.7,138.8,79.6,123.2,72,85.9,116.9,123.7,76.9,120.7
00c23db9e55e6b106dc41d53dc484571.jpg,24.3,female,0,0,65.4,96.2,50.4,96.8,64.9,95.5,40.5,87.7,2.7,64.4,20.7,78.2,16.9,79.7,61.2,95.9,20,85.7,23.6,111.7,14.7,79.9,56.8,78.4,41.7,104.4,10.1,110.7,46.3,83,50,108.5,25.6,103.4,16.4,72.7,70.5,95.8,20.2,119.2,24.8,125.1,24.6,94.2,14.1,135.1,26.3,118.4,7.1,89.3,60.7,112.8,22.8,117.6
00e12287950abc2ad164e3bd3a3cc762.jpg,22.3,female,0,0,114.9,103.3,100.7,104,113.5,103.3,95.5,98.5,71.2,80.7,83.6,89.1,81.6,88.5,110.8,103.3,82.8,94.2,85.6,115.9,80.3,89.9,112.5,90.7,96.6,110.7,75.9,113.4,101.1,94.6,103.2,113.7,85.8,109.5,80.8,85.2,118.5,103.2,84.6,120.9,86.4,125.2,84.8,101,77.5,133.5,88.2,120.8,73.8,97.5,114.6,115.1,85.9,118.8
00e29b43fe092b6b93eef3dbc34a22aa.jpg,33.4,male,0,0,83.3,78.9,75.1,73.1,82.8,78.4,70.8,72.5,59.1,63.5,64.9,70.1,63.5,71.6,80.8,77.9,63.5,72.5,60.5,85.1,62.8,69.6,82.7,74.5,69.4,80.8,58,79.5,75,71.1,72.9,84.6,62.4,79.2,64.2,67.4,85.7,79.9,58.1,88.2,58.9,91.9,63.4,74.4,52.9,96.6,60.7,88.8,60.8,70.5,79,91.8,59,89.4
0130b3f8e61ccbdc1fb39274f83c8077.jpg,22.2,female,0,0,96.9,96.4,81.8,90.4,95.8,95.7,77.7,87.1,59.9,69.2,68.6,80.7,65.6,82.4,92.9,95.5,66.7,85.2,63.8,106,64.6,79.6,97.1,87.2,77.2,99.9,55.3,98.3,84.8,84.8,82,104.1,66.3,96.9,67.9,76,100.4,97.4,60.6,110.7,62.2,116,67.3,87.5,53.2,123.7,64.8,111.4,58.2,84.5,95.2,109.1,61.8,112.4
0186593760e59fa8d08695dfa8df2ff5.jpg,27.8,male,0.1,0.2,98.5,125.6,85.5,126.5,94.8,125.5,81.2,122.7,70,109.7,74.2,117.1,73.5,117.6,93,125.8,74.1,120.1,74.7,133.3,72.6,117.2,93.8,115.9,82.1,130.4,70.3,130.3,85.4,119.3,86.6,133,75.2,130.3,73.9,114.3,101.4,125.3,73.6,136,75.3,138.4,74.8,124.5,72,143.3,75.1,135.8,70,123.2,95.9,135.4,74.6,136
01cfd178c71c76b52eb3145525196018.jpg,28.9,female,0,0,152.8,93.6,126.6,93.1,150.7,95.5,113.3,80.9,77.9,42.2,90.7,64.3,85.1,63.2,147.7,95.3,87.1,71.5,84.2,108.6,81.3,64.3,147.4,71.6,111.5,103.5,71.8,106.2,127.3,75.1,123.7,112.1,88.5,99.1,87,56.5,158.4,94.1,76.1,116,79,126.7,89.2,83.1,63.8,141,85.8,118.8,76.5,78.1,145.1,115.1,81.3,116.3
01d106c31e4c41908ddf7d10b58a2eb0.jpg,26.4,male,0.2,0.3,136.3,106.9,113.4,103.5,134.1,106.9,105.6,92.5,82.1,65,94.2,81.9,90.7,81.9,130,106.4,91.4,88.4,92.3,117.2,88.4,80.8,133.6,84.2,104.4,113.6,77.2,111.2,116.3,88.5,114.2,119.7,91.9,108.9,92.4,74.6,143,107.6,88.8,124.3,92,131.5,92.1,97.6,83.7,143.4,94,124.2,75.8,91.8,130.7,127.3,91,124.2
0275c156b77afd6498e5d8d2827e8fbd.jpg,27.2,female,0,0,73.2,103,65.1,106.5,72.6,103,62.2,100.8,50,86.8,55.5,93.8,54.2,92.7,71.2,103.2,54.8,96.6,55.9,107.1,53.2,94.1,72,93.7,61.8,107.1,51.7,108.2,65.8,98.8,65.4,108.6,55.9,105.8,54.1,91,75.2,102.9,54.5,109.5,55.8,111.8,55.7,101.3,50.2,116.3,56.5,109.4,49.3,99.7,72.4,107.3,55.5,108.3
02e23ec1c20e1c1ff45201c9a64f0756.jpg,30.5,male,0,0,132.6,126.4,103.6,118.3,129.3,124.9,100.7,105.3,85.4,72.5,91.1,89.7,89.9,89.7,123,123.8,87,97.1,79.4,133.1,86,87.9,140.1,103.6,94.8,130.8,69.8,116.7,112.9,102.4,103.4,139.7,81.7,120.9,92,82.1,139.6,128.1,76.1,141.3,78.4,148.1,85.4,104.7,68,157.9,79.1,141.2,72.2,103.8,127.6,152.1,80,142.2
02e8203b9183dc1a49f05524bf2fb12a.jpg,24.7,male,0.4,0.4,131.8,83.3,107.3,76.1,128.8,82.5,101.4,69.8,79.5,49.1,92,65,88.4,65,124.8,81.8,87.3,69.6,82.4,97.6,86.2,63.9,133.1,71,99.6,89.7,70.2,88.7,110.2,69.3,108.4,94.1,84,84.6,90.7,59.1,137.8,84.2,79.2,104.2,81.3,111.1,85.1,73.5,72,119.8,84.6,104.7,74.6,67.1,129.4,101.4,81,104.5
02fff6a40fd231b62a793466253b3e0f.jpg,21.7,female,0,0,122.2,77.8,107.6,72.4,117.1,76.3,100.6,62.8,88.2,37.5,91.1,52.2,89.2,52,114.7,75.5,88.7,56.7,80.9,81.2,87.9,51.1,119.1,59.9,96,79.3,77.3,76.4,108.6,61.5,100.8,84.5,84.8,73,91.4,46.4,126.4,79.2,76.2,85.6,76.9,92.3,88.1,63,68.8,101.9,80.2,87.3,83.5,56,108.3,95.2,77.9,85.8
033360af96ab0e50b684c36138ab79f7.jpg,30.1,male,0,0,140.8,112.4,117.3,115.5,138.9,112.5,112.4,100.1,89.8,61.5,97.4,81.2,94.7,80,134.1,111.7,94.9,88.7,90.7,120.2,92.3,80.6,141.5,86.8,109.4,120.2,80.2,114.6,122.9,94.8,117.4,126.7,93.4,113.9,97.1,73.4,147.6,113.2,86.1,126.3,88.5,132.1,94.8,101.1,80.5,138.6,90.9,127.1,80.9,97.4,135.1,131.3,88.3,124.5
0335eac1d310ee75fffe86c52f518ea3.jpg,9.3,female,0,0,118.7,101.8,102.2,101.5,110.2,101.5,94.6,92.3,72.4,64.1,83.1,79.2,79.8,80,107.8,101.2,79.8,85.3,74.8,112.9,77.8,79,110.4,83.5,92.4,108.6,68.8,110,100.3,88.6,96.3,112.3,78.1,104.7,80,72.9,123.6,102.6,70.5,117.5,71.5,124.2,79.3,95.2,62.1,132.7,75.8,119.3,72.7,87.4,104.1,117.7,72.7,117.4
0348bc1b4abad180f9067a4f384f5571.jpg,23.3,female,0,0,123.7,108,97,112.1,121.6,108.1,87,98.9,55.7,55,66.6,76.8,62.8,75.8,117.9,108.7,63.7,85.4,62.4,122.8,60.7,76.4,122.3,84.5,87.6,120.8,54.3,118.2,97.6,92.6,97.3,125.2,64.1,113.4,63.7,67.6,127.8,108,58.3,130.9,61.2,138.2,65.3,97.4,54.1,150.9,65.4,131.9,55.5,87.8,121.9,129.1,60.4,132
0351905506e39847450f2a13db29b7e1.jpg,28.9,male,0.5,0.5,95.7,75.1,74.9,75.9,94.6,75.7,70.5,66.8,50,42.8,60.5,54.9,57.7,55.9,90.4,76.2,57.8,61.3,58.4,89.2,54.7,55.2,93.7,54.7,69.8,84.7,46.1,81.1,78.3,62,79.1,89.4,56.4,80.1,58.6,49.2,100.2,75,55.6,96.5,59.1,102.2,56.9,69.2,51.2,109.2,61,95.5,46,68.9,95.6,95.1,58,96
035f224eff97343949720739c1eb706e.jpg,15.6,female,0,0,132.5,140.8,116.5,133.2,125.7,139.1,112.2,131.4,98.6,119.1,107.2,127.9,104.7,127.9,123.9,138.6,104.3,131.3,101,144.2,102.5,126.9,129.4,134.6,111.4,140.8,92.6,139.5,117.8,130.2,115.6,144.1,102.6,138.9,106.1,123.6,136,141.7,97.4,147.8,99.3,152.7,103.7,132.9,92.8,156.5,102.3,149.3,95.4,126.8,124.5,151,99.5,148
03899bfaaf7682827372c777685a62a4.jpg,22.4,female,0,0,216,96,197,96.2,215.5,96.6,180.6,80.3,136.4,30,155.8,62.4,148.9,64.7,212.5,96.9,152.2,76.3,154.2,118.6,145.9,63.1,206.8,62.9,181.3,110.2,142.4,118.1,191.4,74.7,192.3,116.9,156.4,105.9,149.3,51,224.6,95.8,147.6,130.8,152.1,143.2,155.2,86.7,136.5,159.8,157.9,131.8,142.2,75.9,208.7,124.5,151.1,132.4
03a144ef9e19eb26108c7d2cd2f05154.jpg,34.4,male,0.1,0,96.6,86.9,78.4,82,92.5,85.9,73.7,78,60.9,57.5,66,70.2,64.3,70.6,89.8,85.6,64.2,74.5,60.5,96,63.2,70,94.5,75.7,71.9,90.5,54,87.8,80,76.2,77.3,95.5,63,87.8,65.8,65.3,99.9,87.3,58,100.7,58.8,104.8,64,79.8,52,114.8,60.6,100.9,57,74.1,90.8,104,59.3,101.6
03bb4c60b503f3728c26b9c13f8c1c2d.jpg,35,female,0,0,83.4,133.3,70.1,134.9,78.1,133.5,65.1,129.2,50.7,111.9,56.1,121.9,54.4,121.9,75.9,133.6,55.3,125.6,56.2,141.3,52.8,122.2,77.1,120.1,65.7,139.1,50.8,139.9,69.5,125.7,70.8,141.7,56.9,137.1,54.7,117.9,86.3,133.1,53.7,144.9,55.9,148.7,56.6,130.2,51.5,152.8,57,145.1,50.5,127.3,77.7,145.5,55.4,144.9
03e11d77c563495cec8c78bcab0aa61b.jpg,29.5,male,0.5,0.4,125.4,140.4,106.2,125.5,124.6,138.7,101.1,120.6,88.3,99.4,93.7,113.3,90.2,114.2,120.7,137.2,89.6,117,80,137.1,89.1,111.4,127.3,127.2,96.4,136.7,76.9,125,111.2,121.2,102.4,144.6,84.8,128.5,93.8,107.9,131.5,143.3,74.6,142.3,74.7,149.4,88.3,120.2,63.7,157.6,78.5,144.4,83.2,114.5,114.9,159.6,76.2,144.3
03e6c4eca4269c183fa0e1780f73faba.jpg,23.8,female,0,0,118.2,101,102.5,103,121.2,101.5,96,90.6,62.2,55.2,76.3,76.1,71.4,76.5,117.8,101.4,73.3,83.1,72,112.9,69.4,76,118.9,82,94.7,109.5,61.5,111,103.8,87.3,102,113.5,73.2,104.5,73.3,68.3,124.1,101.1,66.4,119,69.9,126.3,74.5,93,56,136,73.8,120.5,64.1,85.7,117,115.7,69.3,119.5
03fc4ea3005cca7934747c933d0dd73b.jpg,22.6,female,0,0,162.2,84,120,91.3,158.1,84.8,108,77.8,57.5,28.5,85.4,57.4,79.9,60.2,153.3,85.3,82.4,70.1,87.5,112.8,74.8,59.3,152.4,55.4,112.2,102.9,64.9,112.9,122.6,69.8,126.7,106.4,85.7,100.8,78.8,47.7,171.3,82.2,84.1,123.5,89.3,134.6,83.5,85.8,76.6,147.9,93.2,122.9,61.7,77.2,160.2,111.2,88.6,125
040f959520221c4292bebc24f2bf40a8.jpg,22.9,female,0,0,108,72.2,86.6,60.2,100,68.3,85.8,51.2,78.9,16.8,80.7,36.1,77.9,34.8,96.7,66,76.6,41.6,63.8,66.2,76.7,34.6,111.6,54.6,78.4,65.4,54.3,60.5,95.3,51.4,83.5,73.8,70.1,56.5,81.7,29.1,110.6,74.2,58.4,70.5,57.1,78.8,74.4,48.5,46,81.2,61.7,72.7,64.9,35.4,95.6,87.4,59.6,71.1
0416f55a9dba144803eea5d2013e9fac.jpg,29.4,female,0,0,101.1,122.5,86.1,129,100.8,121.8,78.4,117,56,88.7,65.3,102.9,61.3,102.6,98,122.3,62.5,111,62.6,131.6,58.3,104.1,98.1,102.1,78.4,131.9,57.8,134.7,86,112.6,85.6,133.4,63.8,129.3,61,96.5,104.6,122.3,58.7,138.1,61.7,144.2,63.6,119.5,55.2,151.2,65.7,138.3,57.1,120.7,97.6,134.2,61.8,136.1
044fc7c307201de875ec4165a16cc0a3.jpg,32.9,female,0,0,146.5,99.1,118.6,91.3,145.2,98.2,110.7,86.9,70,59.7,90.7,76.4,85.8,80.4,141.4,97.3,87.3,83.1,87.3,116.1,83.3,75.7,144.2,86.3,111.4,105,67.6,110.5,120.1,85,120.6,111.5,88.4,101.7,87.3,69.7,152.6,99.4,81.6,125.3,85,136.1,88.1,91.8,69.9,151.5,89.5,126.6,71.3,82.9,142.5,123.1,84.4,128.2
0467ce1e63e2a48da92e1ff53f052829.jpg,22.4,male,0.2,0,152.2,57.9,126.6,40.9,144.1,56.3,118.1,38.7,101.1,18.9,105.9,35,102.4,37.5,140.4,55.2,101.5,41.4,95.1,66.8,100.4,33.3,147.7,45.2,114.5,58.7,88.7,53.8,128.7,37.3,122.9,67.3,98.5,52.9,106.3,27.9,157.5,60,89.4,73.1,91.3,81.8,101.1,41.8,84.1,93.9,95.4,74.6,94.9,37.9,135.1,89.2,90.8,77.7
04787345d67860ac75af585ca8919a6f.jpg,23.7,female,0,0,149.2,114.2,130.1,125.1,141,117.8,117.4,118.1,75.8,99.3,95.4,110.3,92.7,112.4,139.1,118.7,96.2,118,107.2,147,89.9,113.5,128.7,95.6,122.3,135.5,95.5,148.1,123.1,110.1,132.7,136.4,104.1,138.6,89.5,105.1,154.6,112,104.4,154.9,109.6,161.2,101,128.5,102.6,174.6,110.8,153.8,87.8,127.2,143.8,135.7,107.2,152.1
04eeb89ead30bd406a100347adc59ec4.jpg,25.7,male,0.3,0.1,106.9,107.4,94.8,110.6,104.8,108.3,89.5,104.8,74.7,87.3,80.2,96.3,79.1,96.8,102.9,108.4,79.8,99.9,81,117.8,78.3,96.7,103.2,94.8,89.4,114.8,76,117.3,94.3,101.4,94.5,117.5,81.6,113.6,78.9,92.1,110.6,107,79.7,121.5,80.7,125.3,81.3,105.6,77.2,131.7,81.5,121.8,75,101.3,104.3,119.4,80.4,122.7
04f224e0c5aed38ec9d5f289d6738fe2.jpg,34.8,female,0,0,74.4,72.1,60.8,74.6,68.7,72.5,56.9,69.3,44.6,55.7,51,62.7,49.6,63.6,66,72.6,50.1,66.4,53.2,80.8,48.5,62.6,68.6,60.8,58.5,79.1,46.7,79.9,60.5,66.5,62.1,80.9,52.2,78.2,50,59.4,78,72,51.9,85.1,53.7,89.7,51.2,70.3,49.7,92.3,54.5,85.3,46,69.1,70.9,81.7,52.9,85
0504a000afd8202b2287a7e9a2baa988.jpg,28.9,male,0,0,96.7,91.2,80.2,88.9,96.6,91.3,75.5,83.5,56,67.5,65.7,76,63.8,76,92.9,91.2,64.3,80.7,65.7,100.8,62.1,76.3,95.8,79.6,75.9,97.2,57.9,99.5,81,81.4,82,99.7,66.2,94.8,63.9,71.2,99.7,91.2,63.8,106.6,65.9,111.6,65.6,86.5,57.7,118.6,67.5,106.6,57.7,84.1,96.2,106.1,65.1,106.5
052f4089c0b13f71392b8d56bf8e589b.jpg,21.4,male,0.4,0.2,156.2,148.3,123.1,147.3,141.9,148,118,138.9,101,115.3,107.8,128.9,106,128.8,136.8,147.7,106.8,133,105.5,154.9,105.1,128.7,149.4,130.9,117.6,154.2,99.4,152.9,126.8,135.3,125.4,156.6,107.2,150.4,106.9,123.9,161.6,148.7,104,159.7,106.1,165.6,107.7,140.8,100.4,172.6,107,160.2,99.1,137.9,147.5,158.2,105.5,159.9
0538b5bd195e8e93f6a8a4eaee6457d6.jpg,30,female,0,0,131.7,126.5,110.8,128.3,125.4,126.6,101.4,113.8,75.5,78.8,87.3,98.9,82.4,97.3,121.6,127.1,83.3,108.1,81.3,134.1,77.9,100.1,123.2,101.2,100.3,136.5,71.2,129.5,109,109.5,107.1,141.8,84,129.5,82.3,89.4,137.4,126,75.4,143.1,78.9,150.9,84.4,117.1,69.1,160.3,83.8,143.2,71.5,117.2,119.9,148.1,80.4,139
058c8d3c556358047e6cc084536f0f74.jpg,27.9,male,0.3,0.2,112.8,92.3,88.2,84.1,102.9,89.9,84.7,74.4,69.8,48.4,74.6,62.9,73.2,62.7,100.2,89.1,71.9,67.4,64.5,90,72,62,110.4,73.6,78.7,89.8,58.9,84.5,92.6,72.9,83.4,96.3,67.3,83,75.4,57.9,117.3,94,61.4,93.2,61.4,98.3,70.3,74.7,51.2,103.3,63.4,94.3,63.7,68.7,97.9,107.6,62.3,94.2
05b17d3c5d39901b86c3f2ac6ead7993.jpg,25.9,male,0.3,0,93.8,99.2,78.6,96.3,92,98.8,70.2,92.5,49.5,74,60.1,84,58,85.2,89.3,99.1,59,88.9,59.2,110.2,56,84.7,87.8,85.7,70.8,104.3,51.4,107.9,76.7,88.2,77.9,108.3,60.3,103.3,57.6,79.8,98.6,99.2,56.8,115.3,59,119,60.4,95.4,52.2,125.9,60.5,114.7,50.5,89.6,89,114.3,58.9,115.3
060482bdc9cd48ae6d068e529ae582ec.jpg,18,female,0,0,89.9,122.5,77.8,123.5,88.5,122.4,73.5,116.8,56,98.5,66.2,108.7,64.3,110.2,86.1,122.3,65,113.7,64.8,132.4,61.7,109.4,89.1,108.1,73.3,128.8,56.3,131.8,78.5,112.8,79,131.7,65.3,126.5,63.9,104.8,93.7,122.5,61.9,136.1,63.7,140.6,65.1,119.9,55.9,143.4,65.6,136.7,56,115.3,87.8,135.4,63.9,136.7
0614b76fc20391cc0bf09ed4fb0b935b.jpg,27.9,male,0,0,74.8,98.1,65.2,98.3,70.8,98.4,61.4,94.6,53.4,83.1,56.7,89.6,56,89,69.3,98.3,55.7,91.7,55.5,103.9,55,89.2,71.1,88.3,61.3,101.5,52,101,64.7,92.7,64.4,104.2,55.6,100.3,56.1,86.9,77.1,98.1,54.6,106.5,55.3,109.2,55.5,95.4,52.5,112.2,56.1,106.7,52.1,94.6,70.6,107.5,55.4,106.3
0621fc60ebf15a8acd1aa0e43d32a58a.jpg,66.7,female,0,0,117.8,141.3,97.3,144.7,110.3,139.9,92.2,129.9,76.9,94.9,84.2,111.7,81.8,110.3,107,139.3,81,116.4,74.5,138.9,78.5,110.5,115.7,118.1,88.5,145.3,66.4,137.4,99.5,126.4,96.2,149.4,76.7,138,82.8,105.3,121.7,142.8,69.2,142.2,70.1,146.9,80,127.5,59.8,152.5,74.8,144.7,68.6,120.3,109.1,148.2,73.5,141.3
06589c8023aaebc904cbaeee1dcd3ccd.jpg,26.6,male,0.1,0.1,107,76.8,96.3,87.7,106.6,76.5,81.9,77.1,49.2,52.5,62.1,66.2,60.5,66.1,103.3,77.8,63.1,71.8,72.8,96.2,58.5,67.5,97.2,55.3,88.1,93.2,63.7,102.4,87,70.8,96.5,94.1,72.9,93.4,59.3,61.6,111.3,75.2,73.1,102.6,77.1,105.7,69.3,83.9,71.6,117.4,75.9,100.5,55.9,83.8,108.2,86.2,73.9,99.9
066836ee472c937d218ea6e61ffebd32.jpg,24.8,male,0.2,0.5,138.8,99.1,118.1,105.6,141.3,99.9,110.2,96,81.2,70.3,95.2,82.9,90.9,81.6,137,100.5,93.3,89.8,96,116.5,88.3,84.5,136,79.4,112.2,112.2,87.1,118.8,119.4,89.8,121.4,114.6,96.4,112.5,90.8,77.7,144.9,98.4,92.6,123,96,128.6,95.1,99.8,85.5,137.5,98.8,122.2,83.7,97.4,141,113,95,120.9
067eea58e88a0c27b5a1678aa44864fc.jpg,27.3,female,0,0,118.1,63.7,94.9,69.9,109,64.5,85.5,60.4,56.2,40.7,71.1,51.4,69.3,49.8,104.6,64.7,70.4,57.6,75.5,78.9,67.4,52,106.9,43.8,87.7,75.8,64.5,79.3,91.3,53.9,95.7,78.7,74.4,75.2,68,45.9,124.5,62.6,74.3,84.4,78,89,72.6,64.4,69.3,100.3,78,83.4,59.5,65.5,112.3,78.9,75.9,82.2
06b055f8e2bca96496514891057913c3.jpg,28.9,female,0,0,161.1,151,145.1,138.6,157.2,149.5,134.9,135.8,109.1,110.2,120.2,126.9,115.3,130.1,152.9,148.5,117.1,133.3,110.3,158.2,112.4,126.9,154.8,139,131.6,151.2,103.2,147.1,144.3,133,137.5,159.1,115.4,148.2,116.7,121,167.2,151.9,103.6,164.5,105.7,174,117.5,135.9,97.5,185.8,110.9,166.6,106.7,128,146.4,181.5,106.3,168.4
06cf5c03d5ea31bf6d305ed3d6c18b67.jpg,0.9,male,0,0,148.8,93.4,126.8,89.9,143.8,91.9,121.6,82.6,102.1,52.1,109.3,69.6,107.2,70.8,141.2,91.6,107.6,76.7,107.2,105.3,103.9,69.6,142.4,74.8,122.1,98.7,98.3,99.9,127.9,79.5,128.3,102.3,108.5,96.4,106.6,62.2,154,93.7,102.4,112.7,105.7,119.8,108.5,84.5,99.8,130.8,108.6,113.3,99.8,78,141.3,112.6,105.5,111.4
06f20260d9671c7c16cd8b926fab9103.jpg,0.8,female,0,0,70.6,113.3,58.4,115.4,69.5,113.4,56.9,110.4,43.4,94.3,52.2,102.9,49.8,102.6,67.9,114,50.6,107.3,51.1,119.4,47.5,103.3,71.3,107,56.7,118.3,43.9,122.5,61,108.3,62.2,119.3,51.5,118.1,49.8,99.3,73.2,112.7,48.9,123.4,51.4,127,51.1,112.2,46.3,131.7,53.3,123.4,43.4,111.2,72,119.2,50.8,121.5
07ad48c5da0e63237c244118eeecdd88.jpg,30.9,female,0,0,102.7,119.1,93.3,119,99.1,119.1,89.7,115.6,79.7,103.5,83.6,110.5,82.6,111.3,97.8,119.1,83,112.8,83.6,126.1,81.8,110.6,98.7,110.9,90.4,122.9,78.7,124,92.8,113.2,93.9,124.6,83.8,122.1,83,108.1,104.3,119.1,82.6,128.5,83.8,130.7,83.6,116.9,80.4,134.7,84.2,128.5,78.5,114.3,99.1,127.3,83.4,128.6
07dbd9e615f41c9524ed43b0974b97d5.jpg,33,female,0,0,128.2,75.2,107.5,70.6,121.5,75.1,100.1,67.8,70.2,53.3,85.8,61.9,82.6,64,118.2,75,84.1,67.8,84.2,90.1,80.2,62.4,120.2,65.8,100.7,82,76.1,83.4,105.7,66.6,105.9,85.9,85.3,80.2,82.8,56.9,133.8,75.8,79.5,97.2,82.4,104.6,85,70.4,71.8,111.8,85.2,97.7,77,66.2,120.6,95.3,81.6,98.1
07e71c800e07800126447a050bad6e16.jpg,21,male,0.3,0,90.4,40.1,72.6,36.3,86.1,39.3,68.6,29.4,55.7,8.9,61.2,20,59.3,19.5,82.8,38.9,59.4,24.4,56.2,43.9,57.8,19.8,89.3,26.8,66.4,41.6,50,38.9,75.6,27.1,72.2,47.4,58.2,38,60.3,15.2,95.2,40.5,53.6,47.5,55,52.5,59.5,29.5,47.9,56.1,56.9,48.1,51.9,25.4,83.5,53.4,54.6,48.5
07f7f2ca759a2f93c0adc773d491ae5b.jpg,28.7,male,0.7,0.6,115.6,103.5,91.5,102.5,112.3,102.9,84.1,92.7,63.2,63.8,74.1,81.4,71.5,81.5,107.4,102.6,71,87.3,70.2,114.9,69.6,80.2,116,82.1,84.4,112.1,55.6,111.9,94.3,88.7,93,115.7,69.1,107.9,73.9,74.4,121.2,104.2,68.7,121.7,71.9,127.7,69.8,96.3,61.8,136.2,72.4,121.2,57.1,92.3,114.6,121.8,70.4,121
083613c30097db6182d923554b11ac20.jpg,75.5,male,0.5,0.6,141,98.6,123.9,93.7,139.2,98.7,116.1,91.9,90.3,79.8,101.3,88.7,100.6,89.8,136,98.7,100.8,93.6,102.9,111.8,98.5,88.9,137.7,86.9,116.8,104.9,96.4,104.3,122.5,89,124,108.8,102.9,104.2,98.9,84,146.6,98.5,102.5,117,103.8,122.1,101.9,95.7,100.2,128.7,104.8,116.8,95.7,94.5,138.4,118,104.2,117.1
084f838c1ac0e9146f8b2c00191f92e8.jpg,24.7,male,0,0,167.5,113.3,148.3,121,166.9,114.1,133.3,111.2,88.9,93.5,111.2,104.7,108.2,105.7,161.5,115.5,113,114,124.3,142.2,105.7,107.6,154.8,88,140.3,134.2,112.1,146.4,138.2,101.2,153,136.2,122.8,135.2,105.7,98.8,174.9,110.3,123.5,151.9,130.4,158.3,118.4,120.5,121.4,176.3,129.2,149.6,101.6,121.1,171.3,132.1,125.8,151
08cc04159ab360b3f5d5f8c84d205e02.jpg,40.1,female,0,0,134.8,108.2,113.5,110.6,127.6,108.4,107.2,102.2,82.5,76.5,93.4,90.5,90.5,90.9,124,108.5,92.3,96.3,93.1,120.5,88.8,90.5,124.8,89.2,108.4,117.8,87.1,119.2,114.7,98.5,115.4,119.6,94.6,116.3,90.9,84.2,140.6,107.9,90,126.6,93,132.4,93.7,105.7,87.9,141.5,95.2,126.6,85.5,101.8,126.8,124.5,92.2,126.1
08e0efdb0c7b0c14f3dbe9bf1b7f76ea.jpg,16.4,female,0,0,202.5,107.4,180.9,116.7,195.8,107,171.9,101.4,139.6,66.8,154.1,88.5,149.8,86.8,192.1,107.4,152.8,97.5,152.7,123.2,146.6,90.6,194.9,82.4,171.2,121.2,141,124.7,177.9,94.2,178.5,125.1,154.2,118.2,149.9,80.3,209.1,106.3,147.3,130.4,150.8,137.9,153.7,107.5,137.7,144.5,154.6,130.9,138.7,103,196.1,120.5,151.1,128
093b2b3f02cb4c551c02df017053d515.jpg,32.8,female,0,0,110.2,122.6,93.9,125.1,109.8,123,88,115.1,67.9,89.2,77.1,103.4,75.3,101.3,106.3,122.7,75.8,108.3,75.6,128.4,73.8,103.4,109.2,103.6,87.1,128,66.8,126.8,95.3,111.7,94,131.1,75.9,125.5,76,98,114.7,123.4,73,133.1,75.4,138.2,76.3,115.6,66.1,144.5,76.7,133.3,66.2,113.8,107.1,133.7,74.7,131.3
0941ad1bf75d0b24ab1b1a3b8c8f25b5.jpg,28.6,male,0.4,0.4,153.5,63.1,127.8,53.2,147.3,63.4,121.6,46.7,105.2,15.5,109.6,33.9,107.1,34.4,141.5,62.2,106.7,39,99.1,68.4,105.2,32.3,153.7,50.7,117.2,66.1,89.2,53.7,132.4,45.1,123.7,73.7,102.9,58.4,109.4,28.1,160,66.1,94.9,73.8,95.9,80.8,106.8,45.2,82.2,92,98.9,75.2,95.7,37.3,140,86.3,97,75.4
0945c2e0e4e2b698e7b9785d15ff5ce4.jpg,42.2,male,0,0,66.7,74.5,56,71.5,65.2,74.4,52.9,66.5,44.3,50.2,47.9,60.4,46.4,59.7,63.3,73.8,45.8,63.4,43.6,79.8,44.9,59.4,68.8,65.5,51.4,76.1,37.4,74.2,58.6,65.3,55.6,79.9,44.7,73.4,47.6,57.1,69.2,75.3,41.9,82.8,43.1,85.9,45.7,66.8,37.9,93.3,44.7,83.4,39.1,64.6,65.3,85,43.2,81.8
096079a9c0ddd2bdff219e4983567ac1.jpg,25.9,female,0,0,124.8,120.9,100.5,117.7,123.2,120.5,97.4,105.4,71.4,65.8,83.7,88.1,79.2,86.9,118.4,119.5,78.8,96.1,73.5,120.4,75.8,86.1,123.8,96.2,93.5,124.6,60.8,115.8,105.6,103.4,101,129.8,75.8,116.6,81.9,79.9,131.6,122.4,66.8,126.8,68.9,136,78.7,103.6,53.4,141.6,74.3,129.2,64,96.8,114.9,137.3,70,126
09ae79905ed2e99fcab68a656fbf97b1.jpg,38.3,female,0,0,157.4,104.6,127.2,108.3,147.4,104.8,117.6,97.9,79.1,65,97.3,80.5,94.5,80.6,144.1,104.3,96.3,89.1,100.4,124.9,90.7,81,141.6,76.8,118.8,118.7,86.9,124.1,126.6,90.6,129.1,122.7,100.6,115.2,94.2,73,163.6,104,95.9,133.1,100.7,141.3,99.4,101,88.6,153.3,103.1,133,82.9,96.4,146.1,129.9,98.8,132.5
09cb725d98b053f7c9e727a984bc505a.jpg,19.7,female,0,0,109.3,110.1,85.7,121.2,106.6,109.9,69.8,102.2,22.2,59.8,41.8,81.4,38.9,81.4,100.9,110.9,41.3,91.6,47,129.6,36.2,83.7,99.5,72.7,71,127.3,31.2,131.7,81.6,93.1,83.5,130.5,48,124.8,36.9,74.5,118.1,108.6,43.3,136.5,45.6,146.4,46.3,108,32.5,152.1,48.8,137.6,23.8,104.8,105.9,128.8,46.6,136
09d1820cf2c39f39cb1863e6edcf61cb.jpg,21.9,female,0,0,111.7,89.3,95,90.2,107,89.6,87.7,81.8,62.8,58.1,75,72,72,73.1,105.1,90.1,73.4,78.2,73,103.5,69.6,72.5,104.2,71.9,86.9,98.8,63.2,99.7,95.1,77,95.3,102.8,74.4,94.9,72.1,66,116.4,89.3,69.6,109.5,71.8,115.6,74.3,86.2,65.7,126.4,74.5,109.8,63.7,80.8,104.1,109.8,71.6,109
09d7bac2a73249d008282d210bffd037.jpg,29.8,male,0.1,0.2,133.1,99.6,107.1,97.8,131.5,101.3,101.2,84.9,75.2,47.5,85.3,67.1,80.5,67.5,127.7,101.5,80.7,74.4,76,107.4,77.8,65.7,134.1,81.9,96.7,104,64,97.1,112,82.5,106.7,110.7,78.3,96.5,83.8,59.4,140.1,100.4,71.5,113.1,73.9,120.2,80.4,82.7,62.8,127.4,77.3,114.1,67.1,78.1,126.6,117.9,74.5,115.9
09eccb5aaf89ffdee672c61125e26f96.jpg,28.7,female,0,0,100.8,48.6,84.5,46.1,94.8,48.8,79.7,41.3,61.8,20.2,68.3,32.1,66.1,33,92.6,48.6,67.1,37.3,67,57.9,63.9,32.3,93.4,36.1,79.4,51.6,62.2,52.6,83.8,39.2,84.4,55.3,68.8,51,66.9,26.9,105.1,48.9,64,62.5,66.1,66.9,69.2,42.3,60.3,72.2,67.9,62.9,62.4,40.2,92.1,64,65.9,62.7
0a03b93cfc99bd5c4562af8bc6d0503e.jpg,29.2,female,0,0,99.3,84.5,76.5,91.6,91.9,86.5,71.7,83.4,51.6,59,58.8,72.1,56.8,71.9,89.2,86.9,59,77.1,61.5,96,55.7,73.3,92.8,71,72.2,94.3,56,95.9,78,79.7,78.3,96.6,61.4,91.8,57,67.6,104.3,84,59.7,99.4,62.1,102.7,61,85.4,57,108.5,62.8,99.5,54.5,85.4,94.2,91.4,60.8,97.9
0a0c1b85250afd88aae4ffd4f0de3ff2.jpg,25.1,female,0,0,58.2,118.5,44.2,119,57.1,117.9,41.6,112.9,30.6,89.1,34.6,100.7,33.6,99.6,54.8,117.8,33.4,104.6,33.1,124.6,32.3,100.3,58.9,105.2,41.4,122.9,26.4,123.5,46.2,108.6,45,125.5,33.2,121.1,34.6,96.7,61.8,118.8,31.7,128.2,32.9,132.9,33.6,111.5,27.8,139.9,33.7,128.7,27,107.8,56.9,126.6,32.8,127.8
0ae27ad8fce85b8354228642403f22ce.jpg,21.3,female,0,0,173.1,57.4,157,65.6,168.3,59,147.6,56.1,114.9,31.6,130,45.3,127.1,47.3,165.7,59.8,129.7,53.2,132.7,78.7,123.9,47,163.2,38.8,149.1,71.4,123.4,75.4,154,50.1,156.2,74,134.6,72,125.7,40,178.1,56.4,129.3,84.8,133.1,90.9,133,62,123.2,97.7,134.7,84.3,119.7,59.2,166.9,76.8,132.2,84
0af87001f73367b24e6e4d6832ad0ed0.jpg,39.5,male,0.1,0.5,120,126.7,103,130.7,120.3,127,97,123.6,77.6,106.6,83.9,116.3,81.8,116.4,117,127.8,83.4,121.7,87.1,142.4,80.1,117.1,116.4,112.1,98.1,136.6,81,141.1,103.5,119.5,105.4,139.7,87.3,136.1,81.1,111.5,124.4,125.9,85.6,148.4,89.1,152.7,85.7,127.6,84.9,157.9,89.7,147.5,78.9,129.2,121.2,139.6,87.4,147.2
0b12516100c16f779b152858619786ff.jpg,21.2,female,0,0,146,94,125.8,99.4,138,95.9,113.9,87.5,81.2,50.4,94.7,69.7,90.9,72,135.4,95.8,93.1,79.7,94.6,114.2,86.9,70.2,132.6,71.6,114.2,106.1,82.9,112.9,122.2,82.1,122.1,111.6,96.7,105.4,90.2,61.6,151,94.2,89.1,121.6,92.2,131.4,96.1,92.9,82,139.9,96.6,122.8,82.5,87.6,132.3,115.4,92.3,122.7
0b177ad549cdd89710c85ec2c9a0bb7f.jpg,24.8,male,0.1,0,174.5,116.5,141.5,116.2,171,115.6,130.2,102,98.1,62.6,111.1,85.1,106.4,86.3,165.2,115.8,108.4,95.7,104.3,138,103.3,85.9,172.2,82.7,128.7,130.9,91.1,128.1,144.8,94.2,142.4,139.7,107.1,124.2,108.9,74.9,184.5,116.8,98.1,148.4,101.8,159.6,108.5,107.7,90.8,175,106.1,148.7,94.9,98.6,169.8,152,101.4,150.3
0b1bc995537e6665b9d56d1f1eb30568.jpg,31.1,female,0,0,162.3,94.1,146.1,104.6,155.1,96.6,133.8,99.8,103,81.6,115.4,93.6,113,94.5,152.9,97.7,116.8,100.1,124.6,120.9,111.3,96,144.9,78.3,139.2,111.9,118.8,122.7,138.2,92.5,146.9,113.8,124.6,116.2,111.2,89.3,166.7,91.7,123.9,127.1,128.4,132.4,120.9,107.3,125.8,143.5,127.5,125.9,112.5,106.2,159.4,114.9,125.6,127.1
0b5acbaeaa8287c39603100fc02562bc.jpg,24.6,female,0,0,220.5,103.2,186,106.9,218.7,104.9,171.8,92.3,116.1,50.5,140.9,72.3,132.5,72.2,213.2,105.3,136.4,82.8,135.5,127.1,129.4,72.8,216.2,76.7,172.3,120.7,119.2,123.8,186.1,87.5,185.1,126,139.7,118.6,134.8,64,229,102.4,128.3,136.8,134.6,150,139.2,97,115.7,167.2,139.9,137.2,116.3,87.9,215.2,126.6,131.5,133.4
0b635bf44a9ba372e761f1be713f93e4.jpg,27.6,female,0,0,77.7,83.8,52.1,84.9,73.9,85.7,44.6,75.1,18.6,45.5,35.1,61.4,31.8,61.2,68.1,85.7,32.9,68.6,32.2,101.4,29.3,62.7,78.1,67.5,44.3,93.3,19,98.2,53.9,69.3,54.1,101.1,32.8,91.4,31.3,54.3,84.2,83.7,29.6,107.8,31.8,113.9,32.5,78.7,21.6,121.7,34.5,108,20.3,73.5,75.4,103.2,31.7,107.3
0b68fac54b83e117512d13b039818635.jpg,24.9,female,0,0,122.5,63.7,99.1,69.9,121,65.1,85.6,65.5,45.4,43.2,63.9,58.8,60.1,60.3,116.5,66.3,64.4,68.4,75.4,103.4,57.4,61.3,109.3,47.1,93.1,87,63.6,97.9,94,56.8,105.5,90.1,72.8,89.3,58.8,50.8,129.3,62,74.1,112.6,81.2,119.6,68.5,76.7,78.2,135,80.8,110,56.3,74.3,125.8,91.3,77.5,112.1
0bcd09a62869e19ed8dec4a13721dc11.jpg,44.8,male,0,0.1,133.1,119.2,118.4,119.3,127.7,118.7,114.4,116.3,96.6,100.6,104.8,109.8,102.9,109.9,125.6,118.9,104.1,114.5,105,129.6,100.8,110.3,126.8,108.7,114.8,125.3,97.2,128.7,117.5,113,118.9,128.1,106.2,124.4,102.7,106,136,118.8,103.2,135,105.9,139.4,105.6,118.2,100.7,146.7,106.7,134.5,96.4,115.1,128.1,132.5,105.3,133.7
0be6a096b11aa049624bce9812e8654f.jpg,0.6,male,0,0,62.8,46.6,45.2,46,62.5,46.6,41.1,38,18,15.7,31.9,26.5,29.6,25.1,59.1,46.7,30.3,32.8,29.6,57.2,26.7,26.7,63.9,36.8,40.1,52.6,16.8,57.1,47.6,36.1,46.1,56.9,30.4,51.4,29.5,20.5,67.8,47,26.8,63,29.8,68.5,30.6,39.8,20.7,76.8,31.6,62.8,16.5,33.3,62.4,59.7,28.8,60.8
0bfc5bd5056e752515d4c3eb2fdc8943.jpg,20.6,female,0,0,100.5,109.2,85,110.2,99.6,109.6,77.2,99.3,50,70,61.6,86.8,59.5,87.2,97,109.8,60.8,93.6,62.6,118.2,57.3,86.4,94.5,89.4,75.8,116.2,50.5,113.8,85,95.2,84,120.3,62.3,111,59.9,79.7,103.4,109.1,58.2,125.1,61.5,131,62.1,101.1,49.9,139.8,63.8,125.4,49.8,96,94.7,123.8,61.4,125
0c1788fe3fd78610220533daf48fe7e3.jpg,27.8,female,0,0,114.8,96.7,94.8,97.7,110.2,98.1,83.8,94.2,52.6,76.6,68.7,87,67.2,89.2,107.2,98.8,69.7,93.5,76,120.5,65.2,88.6,103.2,83,89.1,110.7,61.8,122.1,91.4,88.3,98.5,113.3,75.5,110.4,65.2,81,121.1,95.2,73.8,127.2,77.7,133.8,72.5,99.9,66.6,146.5,78.5,126.7,57.5,93.4,111.6,121.7,76.3,127.4
0c3b64ffd5c32a684a4953b1e92f528e.jpg,24.3,male,0,0.2,115.9,103.6,98.1,99.6,114.3,103.3,95.2,92.6,83.6,67.1,87.4,81.4,85.8,80.1,111.5,102.8,84.6,85.3,78.3,107.4,83.7,80.3,116.8,90.5,91.8,105.4,70.7,100.8,102.7,91.9,97.7,110.3,81.3,100.6,87,76.8,119.6,103.9,74.6,112.1,75.7,117.1,83.4,91.5,65.7,124.2,78.2,112.9,73.7,85.9,110.6,118.3,76.7,112.1
0c8f589d57b7d29f10ffd92bf8c75e5d.jpg,25.8,female,0,0,103.9,110.2,90.1,109.5,102.7,110.4,82.5,101.8,66.7,79.2,72.8,92.4,70.8,92.4,99.6,110.4,71.1,97.9,70.5,120.6,69.3,92.6,100,93.5,82.7,117.1,66.1,112.6,88.9,97.6,89.1,120.3,71.6,112.9,71.8,87.2,108,110.3,68.5,124.7,70.2,129.7,71.7,103.8,64.5,134.3,71.5,125.3,66.4,103.4,99.4,126.9,70.1,125.8
0cb09e93fdc6348f10209af5c2aece0d.jpg,30,female,0,0,123.9,73.6,103.6,80.8,115.3,74.8,97.7,66.4,74.6,33.6,85.4,51.5,82.8,49.7,112,74.6,83.5,58.2,83,78.6,79.7,51.4,118.3,49.6,96.4,83.1,73.7,79.9,103.2,62.4,102.3,85.9,83.5,75.9,83.4,44.7,128.1,74.2,78.8,83.8,81.1,89.1,84.3,65.9,69.9,93,83.9,84.9,73.5,63.8,114.2,83.3,82.1,80.8
0cbad9d9a31bc0ad5fc7298ad0e1a8c5.jpg,31.9,male,0.1,0,116.5,87.9,93.6,95.1,108.2,88.8,85.7,85.1,66.5,59.1,73.7,73.3,72,71.9,105.8,89,73.3,77.8,76.5,101.6,72,73.3,107.4,66.4,86.8,99.4,71.9,99.1,93.3,78,96.3,103.1,76.7,96.4,72.2,66.6,120.9,87.6,76.3,106.8,78.3,112.1,75.9,87.7,71.8,118.2,78,106.6,69.5,84.6,112.3,103.2,77.1,106.4
0cbc80d2b051df317786db9d0a89cdf2.jpg,29.2,male,0.3,0.3,80.1,88.8,66.4,88.9,74.5,89.1,60.7,83.1,47.9,61.4,53.1,73.3,51.4,73.6,72.2,89.1,51.7,77.4,50.1,97.9,50.1,72.8,76.5,74.7,60.2,94.4,45.1,91.3,66.8,78.7,65.3,97.5,51.7,90.9,52.2,69,82.8,89,48.4,101.6,50,106.1,52.1,83.1,44.5,113.4,51.3,101.8,45.1,79,74.5,103.1,49.5,101.5
0d20e201a17337a4c2786060498b6a36.jpg,26,female,0,0,118.3,120,97.9,130.3,116.9,120.6,91.6,110.6,61.1,65.3,71.8,89.2,68.3,87.3,113.5,121,69,97.3,67.4,126.8,64.8,89.7,116.5,93.7,87.9,131,56.1,131,99.9,105.9,96.6,135.7,69.4,124.8,69.2,81,123.5,120,62.3,132.4,65.2,139.3,70.4,110.3,49.8,148.2,68.5,133.2,55.7,104.7,115.7,127.8,65.6,131
0d34af69a4cbf1a4817f4da375ad488e.jpg,36.4,male,1,0.7,144.3,117.5,122.6,112.4,142.3,115.3,114.5,103.6,87.7,80.8,100.6,90.7,97.7,89.2,138.1,114.6,98.3,96.5,93.3,120,95.4,91,145.3,101.8,112.8,119.2,86.8,114.5,124.1,100.7,120.9,123.7,96.1,115.1,98.5,84.8,150.1,118.5,89.3,125.5,91.3,131.8,97.4,104.5,82.9,136.7,94.9,126.1,88.2,104,140.1,130.2,91.3,123.9
0d359d2b39c59d843ee8eb8f4f3dc31e.jpg,27.8,female,0,0,138.8,119.1,99.7,123.2,139.7,116.7,90.6,97.5,47.1,31.8,64,65.4,58.3,58.3,132.9,114.9,56,79,50.9,126.4,50.5,62.3,140.9,79.8,84.3,133.1,22.9,128.9,107,89.8,97.4,141.5,53.8,121.7,61.9,48.2,149.7,121,38.7,137.5,43.8,151.5,56.7,98.6,20.9,163.5,52.8,141,28.1,88.7,129.8,141.1,46.1,134.4
0d3b0804f05dad99b87668b563f8f6a6.jpg,24.7,female,0,0,100.4,170.5,83.2,164,94.6,170,76.7,161.8,54.5,142.9,65.5,154.3,62,155.3,91.7,169,62.9,159.8,60.9,177.2,60.1,153.6,94.8,162.6,76.7,174,54.6,169.9,82.9,159.3,81,176.8,62.5,171,62.7,149.8,104.1,171.2,54.7,183.4,56.8,190.7,63.7,162,48.3,197.5,61.4,184.4,56.2,158.6,92.7,187.6,57.6,184.7
0d4f9574a023d148ae8718cade9152c0.jpg,40.7,male,0,0,88.4,84.6,76.4,87,83.2,85.2,71.8,81.3,60.1,64.9,65,72.2,63.8,72.1,81.6,85.4,64.3,76,65.1,90.6,62.9,72.4,82.9,72.4,72.2,89,62.7,88.3,75.6,78.3,76.1,92.4,66.2,87.9,63.8,68.9,90.9,84.8,63.6,94,64.7,97.9,65.9,81.6,59.7,101.1,66,94.4,62.2,81.9,84.4,92,64.7,93
0d535e6bdda40b0d5fdef22953ecfb5b.jpg,32,female,0,0,106.1,80.2,89.7,77.4,105.8,80.1,85.1,73.5,67.5,58.3,74.8,67.3,72.3,67.5,102.4,79.9,72.8,72.2,72.6,95.5,69.1,67.6,105.8,70,84.7,85.9,61,91.6,91.5,70.7,90.9,90.7,73.3,85.9,72.9,62.8,109.9,80.7,68.2,100.3,71.6,105.9,73.6,76.4,66.5,114.6,74.2,100.9,62.9,72.9,106.5,96.5,71.5,99.7
0d53bd8fa8cf76c7137c05913060b1ee.jpg,25.5,female,0,0,109.6,60.4,95.3,63.6,104.8,60.6,89.3,55.4,68.1,37.4,77.2,47.4,75.7,46.7,102.1,60.5,76.3,52.6,76.9,69.8,73.7,47.6,102.8,42.4,89.3,68,70.7,67.4,93.2,51.5,94.3,70.2,77.5,66.1,74.6,42.9,113.3,60.2,75,75,77.3,80.2,76.8,58.5,69.8,84.6,78.9,75.4,70.5,59.2,104,72.2,77,74.4
0db6e716d2325b801c16d80c12932b3a.jpg,17.5,female,0,0,143.4,98.5,120.5,98.6,138.6,99.2,110.5,88.3,76.4,60.2,95.1,76.2,89.3,77.6,134,99.2,92,85.9,91.9,115.9,85.9,76.8,136.3,76,111.3,107.9,75.5,114.8,119.4,84.4,120.6,115.3,93.2,106.3,90.1,67.8,150.2,99,86.3,125.5,90.6,133.6,93.3,94.6,76.3,142.5,94.9,125.3,73.8,90,136,121.6,88.9,124.9
0dc66ecefbbd747409c70d2447564a8b.jpg,33.6,male,0.7,0.5,149.2,100.7,123.1,102.6,147.4,100.2,116.1,89,92.7,49.9,98.9,74.3,95.9,75.2,142.7,100.4,96.6,81,98.1,118.1,93.6,74.6,148.5,76.1,116.1,109.2,87.2,110.9,127.1,85.2,128.6,113.3,99.3,105,97,67.2,156.2,100.3,95.1,125.1,98.6,131.3,98.7,94.7,92.6,143.7,100.6,125.2,85.1,90.1,150.1,120.6,96.9,124.3
0dd88dbcb50f7560a2121fa794d24588.jpg,24.5,male,0,0,45.2,36.7,37.3,38,45.2,37.1,35.3,33.3,28.7,17.8,30.7,25.6,30.1,26,44.2,37.5,29,28.4,28.1,39,28,25.4,46.4,29.9,33.8,38.9,25.4,35.7,38.7,32.5,37.8,40.6,28.6,35.8,29.9,22.6,46,36.8,26.3,41.6,27.3,44,29.2,32.1,24.6,46,28.8,41.7,25.4,31.6,45,42.5,27.7,42.4
0de1d735469cbcec19fdb6f7cced8c2e.jpg,1,female,0,0,152.2,104.3,126.8,108.8,144.6,105.3,120.8,99.6,97,65.6,105.4,85.2,103.8,84.5,142.2,105.5,105.7,92.4,108.5,124.8,103.3,85.5,143.2,81.3,122.1,116.5,96.2,121.2,126.8,93.2,130.2,122.1,108.4,116.1,103.9,78,157.8,104.1,106.6,131.9,107.9,138.3,107.4,101.2,101.4,150.2,108.5,131.8,94.2,97.2,146.1,127.3,107,129.7
0deb318066283653ec764b288f4b9626.jpg,22.5,female,0,0,138.3,85.9,116.5,75.9,138,86.1,103.8,70.5,56,38.3,77.7,56.9,73.3,60,133,85.1,76.4,66.7,75.4,104.5,69.3,57.7,131.8,69,104.7,94.1,59.5,93.5,115.1,67,114.8,102.5,78.4,89.9,72.7,48.9,147.2,86.8,68.8,112.8,71.4,124.4,79.1,73.4,53.4,134.4,76.6,114.9,63.3,64.1,128.2,117.8,72.1,116
0e01b05703d4ca895984087297e98930.jpg,40.8,male,0.3,0.6,73.8,83.5,60.8,84.1,70.8,83.4,57.2,78.5,46.6,65.2,52.7,72.3,51.1,70.8,68.7,83.6,51.7,75.4,51.9,87.8,49.9,72.6,70.9,72.8,58.3,86.9,46.1,85.2,61.6,75.9,62.6,88.2,51.8,84.5,51.3,69.6,76.2,83.3,50,91.4,51.6,94.1,51.5,80.8,46.7,97.6,52.7,91.3,46,78.5,70.9,91.9,51.3,89.4
0e1ec876341e8f56dd0c51003fd6cdb9.jpg,42.1,female,0,0,97.6,149,73.6,146.1,92.8,148.5,70.5,138.6,56.2,112.4,60.9,127.8,58.6,128,89.8,148.5,58.9,134,57.6,158.4,57.4,127.5,97.3,130.5,69.5,154.4,45.7,155.3,78.7,134.5,77.8,160,58,150.9,60.2,121.7,101,149.1,55.4,164.1,58,169.6,59.1,140.6,53.3,178.1,59.2,163.8,46.4,132.3,95,166,57.2,164.2
0e38a5973562639e7f0443b72dc1b4f4.jpg,25.9,male,0,0.2,122.7,66.2,92.2,73,111.1,67,86.2,59.8,63.8,27.8,75.2,45.2,73,43.4,107.3,67.2,73.7,51.5,76.9,74.1,71.9,45.2,112.8,43.2,86.9,77.1,63.6,75,94.6,53.9,96,79.8,74.8,71.7,73.4,38.7,130,65.7,76.7,78.9,79.4,83.9,73.9,60.4,68.2,90.7,79,78.5,60.6,58.3,116.4,75.7,77.3,78.2
0e3ffaef7bc89d47a91eefee9f07bc63.jpg,32.7,male,0.4,0.2,76.1,101.3,65.6,95.6,71.4,99.7,62.5,90.8,61,76.5,59.3,84.5,58.3,84.2,70.1,99.1,57.1,86.6,51.6,97.9,57.8,83.3,75.6,91.5,59.2,97.6,49.1,93.9,67.9,90.4,61.8,102.1,54,93.8,60.9,81.3,77.6,102.1,48.8,100,48.8,103.6,56.2,89.4,43.9,106.8,50.8,101.1,53.7,85.7,65.8,110.1,49.2,101.3
0e58544cae2f72c54d97f68f82f221f3.jpg,23.2,female,0,0,125.2,112.2,113.7,115.8,125.9,112.7,99.2,105.8,58.7,74.5,77.7,91.5,72.8,92.9,124,113,76.7,100.9,78.1,132.3,70.5,93.5,114.8,92.2,100.7,124.5,66.4,133.4,106.6,101.2,109.6,126.6,81.1,123.4,72,84.4,130.5,111.8,73.2,139.2,75.8,147,80.3,111.3,63.5,157.9,80.4,140.4,65.5,106.8,117.9,130.4,75.9,138.8
0e5d554a729675890219d9d8d7e6e741.jpg,17.3,female,0,0,89.2,96.4,73.6,95.3,88.3,96.5,71.2,85.5,51.1,52.6,63,67.3,59.3,65.8,84.8,95.8,59.5,73.9,53.7,97.4,57,67,92.1,83.1,68.6,96.7,45.6,93.7,79.3,84.9,73.9,100,56.5,91.9,60.9,61.4,94.7,97.7,48,102.7,49.2,108.1,58.3,84.1,37.8,110,53.7,104.2,48.3,77,86.4,103.4,51.2,100.7
0e6926247f713a0fde8c823fa095e837.jpg,23.6,female,0,0,95.7,131.1,84.9,133.1,93.5,131.4,74.6,126.4,48.4,107.5,59.1,117.6,56.3,117,91.1,131.6,58,123.8,59.8,144.3,54.1,118.6,87.5,113.8,75.5,139.8,50.9,142.5,80.1,122.6,81.7,143,61.1,139.6,55.6,112,100.5,130.7,55.9,150.1,58.6,155.5,60,129.7,53.4,163.5,61.4,150.3,49.1,128.4,87.8,148.6,58.4,148.1
0e8664485ff0bd36195d6f8d46262754.jpg,33.8,male,0.4,0.2,152.9,106.7,121.2,105.9,151.1,106.3,111.6,92.3,84.6,53.1,95.8,74.4,91.2,72.2,145.1,105.7,91.3,83.6,88.6,123,87.6,73.5,156.2,79.9,110.1,117,76,115.2,124.7,85.3,122.3,124.4,89.9,112.1,93.2,64.9,162.8,107.8,83.7,132.9,88.9,141.6,90.6,96.8,81.8,154.4,92.1,132.7,79.1,90.3,152.8,133.7,87.5,131.7
0ec7f1f746f71fce1886a735ad1674ae.jpg,28,female,0,0,95.9,99.2,79.2,101,94.8,99.5,79.9,95.6,65.4,72.4,73.4,85.2,70.6,86.1,91.9,99.5,72.1,89.9,72.2,108.5,69.5,86.1,95.9,89.6,79.1,103.7,65.9,106.8,84.6,93,84,105.8,72.6,103.3,71.4,81.6,99.5,99.5,69.8,113.3,71.9,117.4,72.4,96.1,65.7,124.9,73.5,113.3,65.5,92.7,95.9,106.8,70.9,113
0edf79163d80be46bedc0c05d84c05f0.jpg,27.1,female,0,0,120.1,80.8,97.8,75.6,119.1,80.7,92.4,70.2,69.2,40.6,79.4,57,76.3,57.8,116.4,80.3,76.1,63.6,74.2,91.5,72.8,56.7,119.1,66.9,91.2,85.8,67,81.7,101.5,68.7,99.8,91.3,76.4,81.1,76.9,50.2,125.5,81.4,68,97.7,71.2,106.7,77.5,70.6,57.9,113.7,75.8,99.6,68.7,67.1,118.2,99.2,72.2,98.9
0eead6eec615a41273d5f91a211607b3.jpg,28.5,male,0.1,0.1,153.7,88.1,136.9,84.1,158.4,87.9,130.4,81,104.7,62.2,120.5,74.9,117,76,155.4,87.7,116.9,80.5,116.4,104.1,114.7,74.8,156.6,76.4,131,96,104.3,92.8,138.8,78.1,139.5,100.6,117.3,94.7,117.8,69.2,157.5,88.1,113.1,110.6,115.7,118,117.1,84.5,106.5,124.3,119.1,111.1,105,84.1,158,107.7,115.5,111.7
0f46799a71bcf5e24981e4615ed419ee.jpg,35.6,male,0.3,0.3,66.5,76.2,40.3,75.8,59.2,76.3,37.1,68.9,27.9,47.3,35.2,60.9,33.6,60.7,55.3,76.3,33.3,66.9,31.9,91.2,32.3,60.3,65.1,58.6,38.2,84.8,18.2,89.4,44.8,65.5,45.6,89,30.4,82.9,35,54.2,71.1,76,31.1,97.3,33.2,103.3,30.9,72.4,25.3,109.6,33.9,96.7,19.7,67.2,63.6,96,32.5,97.3
0f67d6e7e9ffc36f686480e19ba53a52.jpg,37.2,male,0.9,0.7,51.7,97.6,43.8,101,52.8,97.5,40.6,98.8,30.6,90.9,34.7,95.6,33.7,95.7,51.7,98,34.4,97.7,38.4,107.9,33.2,96.2,50.3,90.5,43,104.1,34.7,107.6,43.2,95.6,47.2,104.5,37.8,105.1,33.5,93.5,53.2,96.7,38.5,110.7,40.6,112.4,36.4,101.4,39.7,116,40.1,109.9,32.7,100.9,55.9,102.5,39.2,110.2
0f7914287e92b156718ffe6cf4a63756.jpg,34.4,female,0,0,121.5,104.7,104,112.3,120.2,105.5,98.1,102.7,76.7,78,87.9,90.1,84.9,88.2,117.4,106,87.2,95.8,89.1,116.7,83.6,91,118.5,88.2,99.2,114.9,76.3,120,104.8,98.2,106,117.2,88.7,113.8,84.7,85.5,125.1,104.2,87.3,120.8,89.4,124.7,87.4,105.9,82.2,134.9,91.5,120.8,73.5,103.9,121.3,113.5,89.1,118.6
0fbefd1d3c79389af6ce1f67113701c1.jpg,31.2,female,0,0,108.3,54.4,97.9,53.8,106.2,54,93.1,50.2,79.9,33.5,84,43.1,81.8,43.4,104.1,53.8,82.7,47,81.9,62.7,80.4,43.2,105.3,45.1,93.2,58.8,80.5,59.4,97.8,48.5,98,60.6,83.1,58.5,82.8,39.2,111.4,54.1,79.5,66.8,81.8,71.1,83.3,50.7,79.5,76.6,83.6,67,80.5,49.2,105,64,80.9,66.5
0fd47ac0a63eaa007ebe16d289e08345.jpg,25.7,female,0,0,120.9,101.7,106.2,104.3,119.1,100.4,99,95.8,73,70.7,86.4,83.2,83.1,83,116.7,100.6,84.4,90.1,84.6,114.8,81.1,83,118.1,83.4,100.1,110.6,77.7,112,104.5,91.3,106.1,112.4,85.2,108.4,83.6,76.6,125.9,101.2,82.3,121.8,85.8,128.5,84.8,98.8,76.3,135.4,87.7,120.7,76.7,96.9,118.6,115,84.3,119.5
0fd6df2a4dc5b26a17ba4a928f8bda22.jpg,50.1,female,0,0,132.5,58.4,102.6,55.8,125.6,58.4,91.6,52.7,58.1,29.1,71.8,43.9,70.3,47.4,119.9,58.9,72.6,52.9,79.4,91.2,67.1,44.6,119,37.8,96.8,75.2,66.8,81.2,99.8,44.7,107.5,81.4,78.9,77.9,69.1,37.3,139.2,57.2,76.7,100.3,82.2,109.2,75.3,61.6,77.6,127.3,81.8,99.7,62.6,61.2,129.9,93.3,79.7,101.6
10201f919a72030430e935743d576e05.jpg,19.6,female,0,0,150.6,121.1,121.1,120.5,148.8,120,97.8,97.9,25,33.6,67.1,68.6,52,69.9,143.9,120.2,58.4,84.6,55,145.1,45.4,69.2,150.5,89.4,97.8,135.7,26.7,146.5,116.2,90.8,112.9,146,61.8,129.1,55.5,52.3,160.1,121.3,37.7,160.4,43.8,178.6,62.9,104.6,7.6,198.2,59.4,166.1,31.5,86.8,142.3,148.6,46.5,157.6
104ddb2e3d426f087689fc3bd3eb0831.jpg,27.7,female,0,0,149.8,83.7,131.7,81.1,149.2,82.9,120.4,74.3,82.6,48.1,98.7,61.6,94.9,65.3,146.6,82.7,97.5,69.7,97.8,103.9,92.2,62.6,143,65.9,121.3,95.3,85.2,94.3,129.1,71.6,130,99.1,99.6,91,95.8,55.5,155.5,83.8,93.7,112.2,97.5,119.9,99.7,77.8,85.2,128.8,99.7,112.4,84.8,71.9,146.1,108.2,96.2,112.4
10a5bdf810514ca6bb339a2ac67d2fb3.jpg,45.2,female,0,0,88.3,79.1,72.4,89,81.4,82,63,85.9,36.8,72.4,49.3,77.8,46.9,77.2,79.2,83.3,51.3,82.5,61.7,102.1,46.6,80.1,72.9,64.4,69,95,53.9,106.8,65.6,78.5,76.8,95.1,60,96.5,45.3,74.8,91.5,76.9,62.2,106.8,66.1,109.8,56.4,90.2,62.6,117.5,64.9,105.4,43.5,88.4,88.3,93.6,62.2,104
10a72523d998d83dcff6fc132b8a59c9.jpg,25.5,female,0,0,80.9,112.2,68.1,112.8,80.1,112.2,64.8,103.3,53,78.1,56.2,91.8,53.5,90.9,78,111.8,52.3,96.8,48.2,111.2,51.4,90.6,81.8,99.6,61.4,114.4,43,111.6,71.1,102.5,64.4,116.5,49.6,108.8,55.1,86.3,84.2,113.2,43.7,114.4,43.8,119.4,52.1,101.2,36.4,124.2,48.5,116.7,46.1,100.4,75.4,118.8,45.5,115
10c2c89d8912b268db737c8be9d3dbc8.jpg,24.7,male,0.2,0.2,145.9,111.7,122.6,119.2,145.6,111.5,116.3,106.3,84.4,73.6,96.8,93.5,94.6,96.1,140.7,112.6,97.4,100.9,106.8,131,92.2,95,139.4,85.9,119.4,125.4,93.7,130.8,123.2,98.5,130.5,128.5,104.9,124,94.4,86.6,149.3,111,104.9,138.9,111.2,144.4,101.7,110.3,103.8,154.4,109.8,137.3,85.7,110,149.3,126,107.4,138.4
11153efc98d3096d8741d6e9add2e7f4.jpg,19.5,female,0,0,132.1,77.7,105.2,72.5,119.9,77.7,92.9,64.3,61.2,32.8,75.2,53,70.2,53,117.2,77,72.8,61.6,72.4,94,68.3,53.7,117.5,55,92.4,87,59.1,89.3,102.9,60.3,102.2,93.4,73.6,82.6,71.2,45.1,138.8,78.5,68,102.3,71.5,111.9,74.4,70.3,59.3,123.8,74.1,102.7,61.6,61.4,116.3,108.5,69.9,102.7
114b8de181f33e71eb8caf0798859594.jpg,26.2,male,0.1,0,117.2,118,97.6,118.5,109,117.8,94.1,112.3,85.2,89.9,87.9,103,86.1,103.8,107.5,117.9,86.3,107.2,85.7,126.3,84.9,102.4,111.5,103.9,93.3,122.4,79,120.2,99.8,110,99,125.7,86,119.1,87.5,98.3,119.2,118.1,82.7,130.2,84.4,135.1,86.7,112.2,79.8,139.4,85.7,131.1,79.5,109.9,110.1,130.5,84.2,131.7
115d81da564ef46dd01b5284139fbee5.jpg,27.8,male,0,0.1,105.3,109.3,84.2,109.2,104.1,109.9,77.7,105.4,58.6,84.1,67.6,97,64.8,98.4,100.4,110.3,66.3,103.3,67.7,124.3,63,97.7,102.2,95.5,79.2,117.3,57.1,121.7,86.4,101.4,88.4,121.2,68.1,116.5,65.5,91.6,110.5,108.6,64.7,129.8,68.1,135.2,67.3,108,61.3,144.9,69.9,129.6,56.4,106.2,105.8,124.2,66.6,129.2
115e11747ca85bca1f1e0e40e5d79ee0.jpg,29.1,female,0,0,86.8,90.5,70.8,93.7,86.4,90.8,66.8,83.9,47.8,58.6,56.9,71.4,54.9,71,83.8,90.8,55.1,76.5,55.6,98.5,52.8,71.2,86.8,74.1,66.3,97.8,44.4,96.4,73.3,79.9,72.6,100.8,55,93.6,55.1,66.6,90.3,90.8,53.6,103.3,56.1,108,55.2,83.9,48.4,114.7,58,103.5,44.1,82.8,86.8,102.6,55.5,102.7
1172891421942dc605adc8f409e8b8e2.jpg,28.2,female,0,0,171.2,45.2,150.6,48.2,174.9,45,144.8,38.8,108.9,18.5,124,30.3,121.4,31.1,171.1,45.9,123.9,37.2,131.8,60.1,118.7,31.3,169.4,29.6,147.1,55.3,121.1,58.2,152.5,33.8,158.5,56.9,129.6,54.3,119.4,24.7,175.7,43.7,130.9,67.1,135.5,73.3,127.3,46.3,126.9,79.9,136.2,66,116.8,47.5,178.4,57,133.1,66.6
11896d43f5c593afafc8e1dd92349512.jpg,29.1,male,0.2,0,106.3,90.4,82.5,87.5,102.1,89.5,77.6,77.9,58.9,45.9,65.8,63.5,64.7,64.1,98.6,89.2,65.3,69.1,61.4,100.2,64,63.3,104.2,70.9,75.2,95.7,49.1,93.3,88,74.5,84.4,101.5,63,92.1,67.1,57.7,112.4,91.4,58.9,105.3,60.3,111.8,64.8,78,47.9,119.2,61,105.9,52.2,71.6,98.3,110.4,59.4,106.7
11ae5bdfb9f193151198d3182a46868b.jpg,31,female,0,0,116.1,122.1,96.1,120.1,112.1,121.6,91.6,110.3,66.5,81.7,78.8,99.2,75.2,102.5,109.8,121.4,75.6,105.2,75.1,129.2,72.7,98,116,106.2,89.6,126,63.7,125,99.7,108.2,96.9,130.3,75.8,122.1,77.1,92.5,120.5,122.9,71,135.1,73.8,142.2,76.3,111.5,62.1,147,77.2,135.8,63.9,103,112,138.5,73.2,139.1
11b59e74f8e5886899bc1795758c3796.jpg,unknown,male,0,0,187.5,67.9,157.1,72.2,181.5,67.3,149,64.7,103.4,35.4,128,52.7,124.7,55.3,178.1,68.7,129.5,62.5,140.1,95.3,121.6,56.1,171.3,50,155.4,84.4,122.6,97.9,155.7,57.5,167.6,86.7,137.4,86.9,122.3,45.7,194,65.7,138.5,105.4,145.3,112.9,132.6,70.5,134.2,132.4,144.3,103.3,114,64.7,184.6,91.5,141.6,102.8
11b7bc255292d831c5ee4f97f08d5ca4.jpg,27.3,male,0.2,0.4,121.7,113.8,92.1,115.5,118.2,114.3,89,103.2,68.5,70.6,76.7,90,72.9,93.6,111.2,114.4,74.4,96.5,74.9,121.9,70.7,88.5,120.3,94.9,88.2,122,63.6,117.1,98.2,97.7,97.1,127.2,75.9,117.4,76.2,82.3,129.2,114.1,70.8,129.1,75,134.6,76.2,104.9,62.6,143.3,76.2,129.3,63.5,106.2,120.7,129.7,73.3,131.8
12098e2924087b1f575d24e678a09525.jpg,21.7,female,0,0,95.7,78.6,77.5,76.5,95.8,77.4,71.8,71.2,45.5,55.1,59.8,63.7,57.3,66.3,93,77.5,58.3,68.7,59.8,89.2,54,63.8,94.7,67.6,71.7,83.6,50.6,85.5,78.9,68.4,79.4,88.2,59.5,81.7,57.2,58.6,100.5,79.2,55.9,94.4,58.4,100.6,59.2,73,50.2,107.5,61.5,95.3,50,71.1,95.6,90.7,58.7,95.8
122551b64d23d6a1ef5a01b0a9b2b902.jpg,34.3,male,0.1,0.1,123.7,92.4,85.4,88.7,118.5,92.7,81.4,81.7,59.3,48,72.6,69.8,68.9,70.6,112.9,92.7,69.8,77.6,72.9,113.4,66.1,69.3,124.1,68.5,83.4,106.3,54.1,105.1,95.6,72.5,97.3,112,70.7,104.8,70.8,61.4,131.3,91.3,70,121.8,74.1,128.7,69,84,61.7,142.6,76.6,120.9,54.8,83.2,124.4,120.8,72.9,122.3
122faa5a01cd072fe2442c59e1acae84.jpg,36.9,female,0,0,121.3,100.8,103.2,97.7,117.3,100.6,99.1,93.2,80.3,77.2,88,87.6,85.6,88.3,115.2,100.5,87.9,92.4,88.5,114.5,84.1,88.2,115.7,86.5,99,107,80.6,111,105.4,90,105.5,111.9,89.8,105,86.6,83.2,123.6,100.9,86.3,119.2,89.1,124.7,89,97.1,83.1,132.1,89.7,119.3,78.9,92.4,117.8,119.8,87.6,120
1251e9c40aa02337ae05f252a3af8066.jpg,27.6,female,0,0,90.2,120.5,69.9,128.9,82.7,122,56.9,121.7,26.5,98.1,41.3,112.6,38.4,113.3,79.9,122.7,42,118.8,51.3,144.7,36.1,115,72.5,98.9,61.2,138.1,42,143.7,64.3,114.1,72.6,139,49.9,138.8,37.2,107.8,93.9,119.5,49.1,151.1,54.3,156.8,46.4,127.8,48.5,167.7,54.7,149.6,34.9,124.6,86.8,143.5,51.3,150.5
1263c6f1f8785e749346e3675b47fd0a.jpg,31.1,male,0.2,0.2,134.9,101.1,109,104.4,124,102.5,102.8,93.1,83.2,66.9,87.6,81.7,85.6,81.4,120,102.4,86.8,88.2,87.3,113.1,83.6,82.1,125.3,79.5,103,110.9,77.8,112.5,108.8,87.8,111.5,116.4,88.5,107.9,86.4,76.9,140.7,101.5,84.6,118.7,88.4,124.3,88.2,97.2,81.6,130.6,88.7,118.8,78.7,92.8,126.8,117.4,86.6,118.7
129c94a3e62f2d8f4aeded92e56e1eb2.jpg,24.8,female,0,0,140.3,60.9,118.3,65.1,130.6,61.3,110.5,54.2,80.6,21.3,92.5,37.5,88.9,39.4,127.4,61.4,92,45,91.8,74,86,38,128.5,36.3,109.3,72.4,81.2,70.1,118.1,48.7,116.5,75.9,93.9,65.1,89.4,30.9,145.5,60.5,84.7,80.7,88.4,88,94.4,56.5,77,94.2,91.8,81.8,80.9,49.2,127.8,78.3,88,80.8
12bfcd0fc912dcb351e6208ac54177b5.jpg,30.8,male,0.3,0.5,112.9,122.7,91.1,124.7,108.8,122,87.6,111.3,70.3,76.9,77.5,95.8,73.7,94.5,106.5,121.7,74.4,102.4,70.9,126.4,72.2,94.6,112.5,99.7,84.5,126.5,63.5,126.7,95.1,109,91.7,129.7,72,121.6,76.1,89.4,117.2,123.8,67.7,131.9,70.1,138.2,73.4,112.4,61.6,142,72.3,132.5,66.1,108,104.3,135.2,69.5,130.7
12ccb4ec492b687ddfdb75f4e766a48f.jpg,21.4,male,0,0,159.3,104.2,144.7,90.8,155.9,101.6,140.5,88.4,127.7,67.9,135.5,79.6,134.5,77.5,152.7,99.9,132.8,83.5,124.9,100.5,131.9,78.2,160.9,91.9,138,101.7,120,92.9,147.9,86.4,142,105.7,127.7,96.4,135.9,75,164.3,106.5,119.4,105.7,118.8,113.9,130.7,87.5,110.1,117.5,123.7,108.1,125.6,82.4,147.4,120.7,122.6,108
12d00e5616f0806abf344ab6e801f197.jpg,40.2,male,0.7,0.6,120.3,85.4,102.3,83.8,119.5,85.2,95.6,78.9,82.8,60.7,86.3,72.5,83.9,72.2,116.8,85.4,84.1,77.5,83.2,100.4,82.9,72.3,121.4,73.4,95.8,93.5,77.1,91.9,103.5,75.4,104.2,97.2,83.9,92.1,84.9,67.5,124,85.2,82.3,105.8,85.2,111.1,84.1,82.7,84.4,117.2,85.5,105.1,77.9,82.1,120.9,101.8,83.8,105.6
1337c4bfc353966f98a3e33549ace76f.jpg,23,female,0,0,154.7,117.7,126,103,146.9,115.3,115.3,97.5,81.3,71.8,96.8,87.1,92.3,89.5,142.5,113.9,93,93.2,88,118.4,89.7,86.1,149.2,106.3,112.6,116.4,72.7,107.1,128.3,94.8,119.5,124.3,92.2,109,94,82.3,161.1,119.5,80.8,123.9,82.5,133.3,94.6,96.2,62.5,140.5,88.4,127,81,85.3,142.7,138.9,82.8,126.6
137350a792aba6efede8c918212a5ca4.jpg,25.5,male,0,0,115.7,114.9,97.3,117.1,107.7,115.3,90.8,108.6,69.8,88.5,77.8,98.4,77,97.7,105,115.2,78,103.6,79.6,125.7,76.2,98.8,107.7,95.1,91.4,122.2,72.8,123.4,95.5,101.3,96.4,126.5,80.4,120.7,76.8,94.2,120.2,114.4,78.6,129.8,79.7,134.7,79.9,111.6,72.7,140.3,80.2,130,72,110.5,109,128.5,79.1,129.7
13959be9894664ce5b3999cf1b867cff.jpg,31.9,male,0,0.1,127.5,87,111,82.7,126.1,87.1,106.2,79.7,82.4,63.9,95.5,74.7,92.9,75.5,124.1,86.6,93.6,78.5,92.5,96.8,91.4,74.6,127.4,80.8,105.2,93.7,80.1,92.4,112.7,77.1,113.1,97.4,94,90,93.5,70.5,130.5,87.2,89,100.5,90.8,106.1,94.7,82.4,82.2,113.9,93.3,101.5,82.1,76.4,126.6,100.8,90.4,102.4
13a2798db73e1b8b910f749834df496a.jpg,30.3,male,0,0,150.9,58,133.6,58.7,145.6,57.5,128,48.8,111.1,23,118.2,36.9,116,37.2,143.5,57.2,116.2,42,112.7,63.2,114.2,36.6,147.7,39.8,125.3,62.2,107.6,59.6,134.1,46.1,130.2,66.8,114.4,58.7,116.8,31.4,154.8,58.5,109,67.1,110.2,72,115.8,49.5,103.7,78.4,113,67.7,109.6,47.7,141.3,70.4,110.6,67.9
13b9f67a9535c34cea19195957d3b514.jpg,72,male,0,0,119.6,113.1,100.8,119,118.6,113,94.5,110.5,74.3,89,81.5,103.6,80,104.1,114.2,113.8,81.4,109.4,88.7,132.3,77.9,104.8,114.6,97.9,98.5,126.1,83,132.1,99.6,105.7,106.6,128.5,88.7,126.7,78.9,98.4,123.5,112.2,87.9,138.8,92.1,143.2,85.4,115.7,90.3,148.8,91.7,137.5,78.8,115.3,123.7,125.3,89.6,137.9
13c9a64855fd06191d04e39e787d3705.jpg,27.3,female,0,0,110.6,101.1,92.7,104.2,110,101.5,85.7,95.5,55.7,70.6,70.1,84.1,67.1,84.5,107.5,102,69.2,91.3,73.4,119.3,64.9,85.1,105.2,80.3,87.7,112.6,58.7,117,92.2,89.2,96,116.4,73.1,110.7,67.2,77.6,114.2,100.2,71.2,127.1,75.9,132.9,71.4,100,65.4,140.3,76.9,125.9,55.6,97.4,111.8,118.6,73.6,125.1
13f41e6da2a2e40268d41afe7ce5e41f.jpg,30.3,male,0.2,0.2,83.4,97.6,70.9,98.9,84,98.1,66.6,92.6,53.8,76.2,60.3,84.4,59.7,83.9,81.6,97.9,59.3,87.5,59.9,106.9,58.7,84.4,84.6,84.2,66.7,103.3,54.2,105.1,72.5,88.6,72.6,106,60,101.5,59.9,80.8,85.8,97.7,59.4,111,61.4,113.5,59.6,94.4,55.8,119.6,61.4,110.4,53.1,92.7,85.3,108.7,60.3,110.1
13fedc1783cb356c2b19ee5dc3ed3ef6.jpg,20.2,female,0,0,143.8,131,118.3,134.1,141.9,129.5,104.7,120.2,60.9,79.8,87.8,100.1,82.2,101.7,138.7,129.9,84.8,111.6,87.2,150.5,77.6,103,139.2,103.5,106.5,144.5,75,153.3,117.4,112,119.7,149.7,87.9,141.9,80.7,91.2,150.9,130.2,82.5,160.3,86.5,169.8,86.5,125.5,73.5,183.4,93,160.4,70.5,118.2,142.5,151,86,159.4
14032430e2dedfa29c1dc140d714cdeb.jpg,33,male,0,0,67.7,101.1,55.5,103.2,65.8,101.7,52.2,97.4,36.5,83.5,43.3,91.6,41.7,90.6,63.8,101.8,42.9,95.2,44,108.8,40.7,91.7,67.1,91.1,52.1,105.7,37.4,106.9,56.1,94.4,57,108.3,44,104.9,41.7,88.3,69.9,100.9,42.8,112.2,45.2,114.8,43.6,99.5,41,118.7,45.8,111.8,36.2,100,68.4,108.4,44.1,110.5
140ebadf5ab35fa80c149fcbb964f677.jpg,24.1,female,0,0,250,111.4,219.8,104.4,246.8,110.3,210.6,87.8,170.9,33.7,190.5,66.3,183.5,66.6,241,109,184.8,78.7,176,119.9,179.9,66.9,248.5,87,204.3,116.3,156.6,118,224,86.1,216,125.6,181,107.9,185.1,55.3,260.5,114,167.6,130.6,170.1,142.3,184.1,88.7,144.2,156.9,179.1,133,167.9,70.7,239.3,139.2,171.4,130.6
1449e86888113504f66ebf615079a263.jpg,31.9,female,0,0,78.9,98.2,67.3,97.1,77.7,98.1,62.6,92.6,52.1,73.6,56.2,84,53.9,83.5,75.6,98,54.6,87.4,53.5,105.2,52.7,83.5,79.6,87.9,62.8,101.5,49.2,99.6,68,89.9,67.7,104.9,54.6,99.6,55.3,79.9,82,98.5,51.5,108.5,52.8,112.3,55.2,93.5,49.4,119.1,54.5,109,49.7,91.4,77.6,108.7,52.6,108.6
14511b27c997a10118c2dde817d375d2.jpg,39.6,female,0,0,139.5,92.5,107.2,93.1,130.4,92.9,95,82,53.7,39.6,71.3,64.6,66.6,65.6,128.1,93.3,69.2,73.8,69.7,113.6,63.9,64.3,128.7,67.1,96.2,103.6,59,106.2,105.2,75.7,105.2,108,72.4,100.5,68.3,54.8,146.3,92.5,65,123.7,68.9,132.6,72.7,86.4,58.4,147.5,71.7,123.3,57.6,83.1,126.9,115.7,67.3,122.6
1460eac881f737011d1ed9df2120f996.jpg,0.5,male,0,0,99.8,136.5,88,136.4,97.7,136.3,86.5,133.2,79.8,120.4,83.8,128.2,82.6,128.7,96.4,136.5,83.1,131.1,82.6,146,81.7,128.2,98.2,127.1,86.7,141.5,77.2,144.1,90.2,130.4,90,143.6,82.7,140.4,83.5,125.2,101.7,136.8,80.7,149.1,82.1,152,82.9,134.6,77.8,157.7,82.7,149.3,78.1,131.1,98.1,147.9,81.6,149.9
1470c9ffe0f37b38087b0d08eac49cf2.jpg,52.9,female,0,0,88.6,111.1,71.2,111.5,83.4,111.2,67,105.5,52.4,83.9,57.2,94.9,55.8,95.5,80.4,111.4,56.4,99.1,54.6,120.3,53.8,94.8,87.3,98.6,66.4,115.9,45.2,117.9,73.3,102.5,73,118.9,56.9,113.3,56.2,90.7,92.6,111.2,52.3,124.4,54.2,127.6,57,106.3,47.4,135.1,55.3,124.2,47.3,99.3,85.9,123.4,53.9,123.5
149e1bf5c7c35859b03060d3405be259.jpg,33.1,male,0.5,0.5,180.3,129.8,151.4,127.7,174.8,129.5,139.3,115.3,99.8,76,113.4,95.1,108.8,94.9,169.3,129.6,111.1,105.5,114.1,143.5,106,96,171,104.9,139.4,139.7,106.3,139,147.3,110,147.6,145.2,115.5,133.9,109.2,86,187.6,129.7,110,152.9,112.8,164.5,115,117.7,106.1,177.1,116.4,153.7,104.8,111.2,170.6,155.1,112.3,152.1
1500cbfbf48cd32576093e54f296374c.jpg,51.5,female,0,0,147.1,120.4,128.2,124.5,141,120.9,122,115,100.3,88.5,111,103.4,108.1,102.8,138,120.9,110.2,110.4,111.1,134.3,106,104.3,138.4,97.9,123,131,101.7,135.3,127.3,109.5,128.9,134.8,112.1,128.3,108.7,96.7,150.5,120.2,107.7,139.6,110.4,145.6,111.1,117.9,103.1,153.9,112.4,140.4,101.5,116.6,141.2,135.4,109.3,139
150aaafd199ce957fda70d4f6dfd1aec.jpg,32.1,male,0.3,0.2,135.5,143,116.7,155.6,127.5,144.9,104.7,142.6,74.8,114.5,85.2,131.1,82.7,133.7,125,145.7,85.1,138.1,90.9,163.3,80.5,132.7,121.3,120.8,108.1,160.7,85.4,162.2,111.2,136.1,115,162.4,92.1,159.6,81.9,125.9,141.7,141.9,88.5,169.7,92.5,175.3,89.3,146.1,86.1,183.5,94.2,168.6,81.8,147.6,129.1,159,91.1,171.8
152d11c38a22e0297d5f5dedc3aee329.jpg,25.3,male,0,0,115,108.5,86.8,107.9,106.8,108.4,78,99.4,52.6,73.6,66.6,87.8,62.7,88.7,102.8,108.5,63.6,94.7,63.1,123.7,59.7,88.5,106.3,89,78.5,118,46.8,120.3,88.3,92.5,88.7,124.4,64.8,114.8,63.1,82.2,121.2,108.7,59.6,131.1,64.6,137.3,64.2,103.6,52.6,144.3,67.4,130.5,47.5,98,108.3,128.4,63.6,129.8
15991e219eacbcb22f1c9926b4fa6f4f.jpg,25.9,female,0,0,129.2,89.9,105.1,89,127.8,88.6,91.5,76.8,44.1,32.8,61.4,55.7,57.8,59.5,122.4,88.8,61,67.3,69.1,113.4,53.6,57.3,120.5,59.2,92.6,101.9,51.5,114.4,104.9,69.4,106,109.5,69.4,98,56.8,47.3,135.6,88.8,65.2,122.2,68.9,132.5,67.2,80.5,58.2,151.7,71.2,122.5,49.1,77,125.4,117.6,67.3,123.6
15a83d3a29dddb4dd942804c3a6b4edd.jpg,22.4,female,0,0,97,59.8,85.9,61.2,97.9,59.5,77.2,51.3,53.8,24.6,63.3,37.7,59.7,38.5,95.2,59.3,61.3,45,61.8,68.5,57.2,38.6,94.1,41.7,77,65.9,55.7,67.8,82.7,47.5,82.3,68.6,62.8,63.8,59.9,31.9,102.1,59.5,58.4,75.5,61.4,81.3,62.3,53.8,54.7,87.9,63.8,75.3,55,49.3,92.7,72.4,60.4,74.3
15dc75bca68aa9214c4ca2b9d279279f.jpg,24.7,female,0,0,140.3,133.5,119.5,120,133.9,131.3,112.5,110.6,98.4,74,103.8,94.4,101.3,93.8,131.3,129.7,98.9,99.7,85.9,133,98.3,92.1,140.8,112.8,105.4,128.2,80.8,121.8,124.9,110.7,112.8,136.3,91.6,120.3,105.5,86.3,144.3,135.4,79.3,138.2,79.2,146.8,96.1,108.8,67.4,149,84.5,140.6,91.7,97.1,124.4,155.1,81.7,139.3
15e6d57c4d5de6b69b87bb0e4980e8cc.jpg,29.7,male,0,0,78.8,150.4,62.6,150.7,72.4,150.3,59.5,145.2,45.7,128.5,52,138,50.2,137.9,69.8,149.9,51.1,141,51,155.2,49.5,137.7,73.7,139.5,59.1,153.6,45,152.5,64,142.7,63.6,156.5,51.5,152.1,51,134.4,82.9,150.7,49.4,158.8,51.5,162.4,51.7,145.5,46.9,165.7,52.1,158.7,44.8,143.5,74,157.9,50.2,159.2
15f060616c83bf98face68951b91886c.jpg,51,female,0,0,101.9,89.5,91.5,89.8,100,90,86.8,86.3,76.2,72.7,78.7,80.7,77.2,80.7,98.4,90.2,77.9,83.6,78.5,99.6,76.7,80.7,99.3,81.1,87.1,95.2,75.2,97.7,91.2,84.1,91.2,97.4,79.7,93.9,77.7,77.7,103.9,89.7,77.3,102.5,79,105.5,79.4,88.4,76.7,109.8,79.3,102.4,74.6,84.8,100,100.3,78.1,102.2
15ff33896d9108c7be2fc9fc7715ce91.jpg,25.9,female,0,0,97,108.3,78.1,112.6,96.8,109.2,71.2,100.7,42.6,71.7,57.9,85.6,53.1,83.7,92.3,109.2,54,93,53.9,115,49.5,85.8,97.8,92.3,70.4,115.9,43.5,117.1,79,96.5,76.3,119.8,54.6,111.3,53.6,78.6,104.2,109.1,49.7,120,52.7,125.7,55.1,101.1,41.7,131.1,57.3,120.6,43.3,98.9,95.2,119,52.7,118.2
16152ff638811087059413e25408bc72.jpg,27.8,female,0,0,115.3,124.8,87.1,122.3,105.2,122.9,79.6,112.6,50.9,78.8,63.4,99.1,59.4,99.1,101.5,122.6,61.2,106.9,60.5,135,57.3,99,103.8,102.9,77.8,131.1,49.6,129.4,89.3,108.9,86.6,136,60.9,126.9,60.7,91.1,121.2,125,55.8,141.7,58.2,150.2,61.8,114.4,48.5,158.7,61.6,142.6,48.7,110.1,102,142.4,58.2,142.2
161d6bb08fdafa3a2a568b0373ec304a.jpg,49.2,female,0,0,129,82.7,115,83.1,128.2,82.7,106.8,77.6,81.1,56.1,89.9,69.5,87,71.4,125.2,83.2,88.8,76,90.4,95.6,84.4,71,124.6,69.8,107.5,91.4,87,90.6,112.3,73.3,113.9,94.5,92.5,90.1,86.3,64.3,134.2,82.4,87.8,102.3,91.4,107.7,91.5,79.5,88.1,117,93.6,101.6,86.6,75.7,126.1,97.7,90,102.5
161f5b0da5648f5340b7b154bee73ffc.jpg,32.9,female,0,0,152.2,77.9,123.6,82.2,142.4,79.8,110.3,75.1,71.8,51.1,87.7,65.1,85.1,68.3,138.9,80.7,87.6,74.9,97.6,107.6,81.4,67.1,137.7,59,114.2,95.4,85.5,106.7,117.7,66.6,127.1,100.5,95.7,97.4,82.4,57.4,157.9,76.8,95.6,117.3,101.3,125.2,91.6,82.3,95.5,136.8,102.1,116.4,80.2,78.7,150.2,106.1,98.6,119.5
1656265b6e91f11d83b95288f8ff5c85.jpg,25.4,female,0,0,153.5,90.4,132.9,96.3,153.4,90.6,121,82.1,78.4,41.8,96.4,64.8,89.9,64,148.4,91,92.7,74,87.6,106,86.4,65.6,150.9,62.2,120.4,104.5,78.1,110.5,131.3,75.2,128.9,109,92.7,102.5,90.9,56.4,163.5,90.6,79.9,113.1,80.9,123.8,93.2,86.7,65.8,137.1,88.4,116.5,81.7,85.4,142.5,111.1,82.9,112.6
165b416564b94a6c35427dd1fa1d7b47.jpg,25.1,female,0,0,123.7,91.9,98,94.5,117.1,91.6,83.7,87.3,44.8,58.9,63.7,75.6,59.3,76.3,113.4,91.7,62.7,84.1,69,118.2,57,76.8,106.8,64.9,87.1,108.3,59.6,114,93.7,77.6,99.7,113,69.5,107.1,58.5,67.8,129.8,91,64.7,126.1,69.5,135.1,67.5,93.2,63.3,147.1,71.7,125.8,54.6,89.5,116.1,120.7,67.7,125.7
167b4608579da87150ee9eaac99ebc90.jpg,42.8,male,0,0.1,147.1,87.1,122.4,83.8,141.9,88,112.1,78.4,84.6,48.8,97.1,65.4,93.9,66,139.3,88.4,95.3,72.3,92.8,108.3,92.1,65.7,140.8,66,111.5,96.9,79.6,101.4,122.5,73.5,121.4,104.1,95,94.1,95.2,58.4,151.4,86.9,88.5,116.3,92,122.8,96.1,81.8,83.4,134.1,93.7,115.5,82.2,73,138.2,113.6,89.9,116.7
16e709031d876f4151c4324a7faf4715.jpg,14.9,female,0,0,100.8,97.2,82.9,95.8,101.3,96.8,79.6,88.9,56.6,66.7,67.9,77.8,65.4,78.2,97.8,96.5,66.8,83.1,65.2,105,63.4,78,100.6,84.2,77.9,102.3,51.9,102.2,86.5,85.8,85,105.2,66.3,98.3,66.1,72.4,104.8,97.7,60.4,110.1,62.7,116.5,67.2,89.4,52.8,124.1,65.3,111.5,54.4,83.7,99.4,108.7,63.1,109.9
16e8a1b319c2de5ebe8d585cafcb1f39.jpg,21.6,female,0,0,104.6,114.3,89.6,101.7,104.3,113.9,80.6,99.3,51.4,76.6,64.7,93.3,59.8,96.1,101.3,112.5,60.4,100,59.8,121.1,55.4,92.7,103.9,106.2,80.4,114.7,49.2,108.5,89,97.4,89,119.2,60.4,111.1,60.9,87,110.7,115.8,52.9,128,57.4,136.8,61,101.7,46.9,146.2,62.8,129.2,50.7,94.2,100.9,133,57.4,130.1
1758da5ac16ee7b1b7e82acc1bd5e980.jpg,29.7,male,0.2,0.1,82.6,94.2,66.2,88.2,75.7,92.9,64.3,86,58.5,74.1,60,82,59.1,80.1,74.1,92.4,58.3,84.9,54.7,98.4,58.1,81.5,80.9,85.8,62.5,95.7,50.8,92.5,69.1,84.4,65.8,99.3,56.1,93.7,60.4,78.5,86.2,95.3,52.7,101.4,54.1,105,57.5,87.2,51.4,110.2,55.2,101.7,53.3,85.2,76,106.3,54.2,100.7
175af992265c01b7be27d3a87e27dcd8.jpg,22.1,male,0,0,58.9,49.6,49.9,49.4,59.1,49.3,46.9,45.1,34.7,33,40.5,40,38.5,40.1,56.9,49.3,39.6,43.3,39.6,55.9,37.7,40.4,58.8,41.1,47.8,53.7,35.6,53.1,51.5,42.6,51.8,56,40.4,52.7,39.3,37.5,61.4,49.3,37.5,58.3,39,61.5,40.2,46.9,35.4,65.1,40.6,58.9,35.9,46.3,59.4,56.4,38.8,58.1
17a236b13a78825c48d98bb426adb020.jpg,26.2,female,0,0,63.1,96.8,50.2,98,59.1,97.3,47.4,95.4,38.9,86.2,43,92.1,42.7,91.6,57.3,97.3,43.1,94.8,44.2,105.3,41.9,92.3,62.3,91.8,48.1,101.9,40.7,102.3,50.7,93.6,52.6,103,43.8,101.8,42.1,89.5,64.9,96.5,44.2,108.3,45.6,111.1,43.4,97,43.3,114.3,45.3,107.9,39.7,97.5,64.3,102.6,44.8,108.1
17a4796e9558b1e1e4c7866ae94bbc7e.jpg,44.9,female,0,0,166.7,105.4,142.7,104,157.2,106.1,133.8,94.3,114.4,69.5,124,84,121.8,84.7,152.6,106.1,123.3,89.6,122.6,120.5,120.6,83.6,159.1,85.8,132.9,111.6,111.2,116.4,142.6,89,142.6,119.3,123.4,108.9,123.5,77.6,172,105,120.3,125.8,122.5,131.8,123,98.2,113.2,140.2,123.5,125.9,110.9,92.8,158.7,125.8,121.5,126.2
17e09d3916f16649434f79bdb15ffcc4.jpg,26.2,male,0.2,0,131.3,95.5,112.1,96.5,128.6,96.4,106.1,93.1,79.4,75.4,92.7,86.9,89.7,88.5,124.4,97,92.6,93.9,95.5,115.6,88.3,88.8,124.8,83.4,108.5,107.9,85.7,110,111.9,88.8,114.8,110.1,95.5,107.1,89.4,81.7,136.8,94.4,92.8,122.7,96.6,128.6,94.7,97.3,89,138.9,98.4,122.1,83.9,98.1,130,113.7,94.7,122.7
18428ce973ab3507198e2ae737d60f53.jpg,27.2,male,0,0.1,151.2,116.6,125.7,121.1,151,117.4,116.7,103.5,82.6,58.8,96.7,81.4,93,80.1,146.2,117.6,92.7,91,89.6,127,89.2,82,150.5,91,113.5,124.8,76.8,120.3,128.3,98.1,123.3,129.7,92.8,118.4,94.2,72.8,159.7,116.8,85.6,133.1,88,139.7,94,105.1,72.6,147.6,91.7,133.1,75.4,105.2,146.3,129.7,88.6,131.6
184cdaada0bb69d1de772abc3fb633c4.jpg,25.9,male,0.3,0.1,112.8,103.8,91.7,101.6,110.9,102.6,86.4,95.4,67.6,72.6,74.5,87.5,72.3,86.6,107.7,102.4,72.9,93.4,73.7,118.6,70.5,87.3,108.3,87.3,87,112.4,68.2,111.3,93.4,90.4,94.2,116.4,74.9,110.7,72.9,81.3,117.7,104.1,71.3,125.2,73.4,131.5,74.5,98.4,69.3,141.8,75.2,125.4,68,94.8,110.6,125.5,73.2,126
185212a482d1eed76f948dcefb72416a.jpg,38.2,male,0.4,0.5,157.5,102.8,128.4,97.9,152.1,101.9,115.7,90.7,87.2,57.4,97.6,74.7,94,73.9,148.2,101.2,95.1,82.8,94,120.1,91.5,74.3,150.4,81.1,114.2,112.8,78.7,112.6,126.9,85.1,125.5,120.6,95.1,109.1,95.1,66.5,162.4,103.7,89.5,128,93.4,137.5,95.4,93.6,84.7,148.6,96.4,128.6,80.3,87.6,148.6,126.3,92.6,127.1
1853a457a976f8614b065794128a8a8d.jpg,20.4,female,0,0,74.9,94.6,59.2,89.1,67.8,91.9,50.7,81.3,24.4,52,39,67.3,37.4,68.7,65.5,91.4,36.6,74.1,31.7,98.3,36.5,68,66.8,78.9,48.5,95.8,19.6,94,58.5,78.8,53.6,99.4,34.4,92.1,37,61,78.8,96.1,29.2,104.5,28.3,111.2,36.3,81.3,12,116.9,32.8,105.5,24.2,72.4,60.7,109,30.5,103.8
188792afabebed8af53994587befaabe.jpg,20,female,0,0,99.4,110.4,73.8,115.2,91.7,110.4,62,97.9,14.1,35,35.1,66.8,29.4,63.4,88.6,110.6,31.1,79.2,30.6,126.2,23.9,67.8,86.4,71.1,58.1,123.6,16.2,127.7,72,91.7,68,128,33.7,114,30.5,54.4,105.3,110.5,22.1,135.7,26,148.3,34.8,97.2,8,165.1,32.1,138.8,14.6,84.5,83.3,137.2,26.2,132.1
189da16b9234952ead0b191191451f75.jpg,26.9,female,0,0,126.7,159.9,98.9,145.3,120.2,158,92.6,142.1,69.8,118,79.5,133.4,75,136.3,117.5,156.8,75.5,139.5,71.4,164.1,72.3,131.9,123.9,147.1,88.9,159.3,65,152.1,102.7,141.1,96.1,167.4,74.4,155.3,77.8,127.2,131.1,162.3,64.3,170.2,66.2,179.8,77.4,143.6,57,190.8,71.3,172.8,69.9,138.4,117.4,185.2,66.6,174.7
1904446602da7c4118e1a4710ac2a2eb.jpg,30.3,female,0,0,135.1,77.7,113.4,74.5,133.3,77.9,101.4,66,76.3,35.9,89,55.6,83.9,56.2,129,77.9,84.7,62.6,82.8,95.6,82.3,55.1,133.4,59.5,100.3,87.7,70.4,86.6,113.5,61.5,111.9,95,84.6,82.9,86.1,48.2,141.6,77.8,77.7,104.1,82,113.6,85.6,69.4,69,123,86,104.5,73.1,63.3,132.7,103.8,80.6,103.5
190509241e9ef0adb0c0cf4091b2087f.jpg,60,male,1,0.9,150.2,96.9,124.6,96.3,147.4,96.9,118.1,88.7,102,57.9,108.6,75.7,106.8,75.5,145,96.4,105.9,82.6,104.9,108,105.1,75.6,148.1,75.9,118.7,104.4,95.5,102.6,127.4,84.8,127.4,107.7,104.5,100.8,107.4,69.1,154.9,97.4,103.5,115.1,105.5,123.4,104.8,91,96.7,132.7,107.4,115.3,97,88.1,146.3,118.2,105,114.9
191926b9706e15bfc79afff8b839b91d.jpg,13.8,female,0,0,154.2,93.8,136,87.3,153.8,93.9,120.5,73.2,74.1,19.1,95,45.7,86.9,49.5,151.5,92.8,89.5,60.1,85.4,110.2,81.7,46.4,149.7,65,118.4,104,76.5,102.5,131.8,69.6,127,113.3,90.4,94.8,86.8,34,162.4,95.3,72.7,120.6,76.4,136.3,93.6,73.5,60.4,156.5,87.1,125.9,79.8,62.5,143,124.1,79.5,121.7
19275d4df29972ef37890f508131e8be.jpg,24.3,female,0,0,131.6,98.3,106.3,108.7,122.4,101.3,89.5,90.8,45.4,56.2,67.9,77.4,62.6,77.1,120.1,102,66.2,87.6,71.5,123.2,59.7,79.2,112.1,63.1,92,118.4,60,126.4,98.2,85.4,102.7,121.8,71.8,116.1,61.5,67.5,137.1,96.9,68.5,130.5,72.2,136.6,68.7,99.4,62.2,152.5,75.3,129.9,56.1,98.4,120.2,119.3,71.5,128.1
192820af690e183069e35e03e916bb0a.jpg,19.3,female,0,0,89.2,128.4,73.8,129,85,129.6,68.1,123.8,48,105,57.7,117,55.7,117.3,82.8,129.8,56.5,121.9,57.3,141.6,53.7,117.4,83.3,116,68.4,135.3,48.2,138.6,73.9,119.9,74.3,138.7,58,135,55.8,112.6,92.7,127.9,54.7,146.3,57.3,150.1,57.5,126.9,51.3,158.9,58.8,145.9,48.2,125.6,84.8,143.2,56.7,145.3
192a79016f32efaf9508cc953ce537aa.jpg,47,male,0.2,0.7,147.7,111.5,132.8,112.2,147.1,111.8,127,104.3,113.6,78.7,116.8,93.6,113.7,93.1,144.6,111.5,113.7,98,112.7,120.1,111.4,93.1,147.8,95.7,126,116.8,108.6,118.9,133.8,100,131.7,120.8,114.9,114.4,115.4,88.3,152.1,111.4,109.1,124.8,112.1,129.5,115.6,105.7,107.5,137.9,114.4,125,109.3,100.3,146.1,124.8,111.5,124.5
19538aa997dea4d28258a1692f25cec6.jpg,21.9,female,0,0,116.9,97,90.3,103.6,111.8,96.5,80.4,91.8,35.3,55.3,57.4,73,52.8,72.9,105.9,97.2,56.2,84.4,62.2,114,49.2,74.9,100.9,69,82.1,110.8,46.4,113.9,86.9,85.3,91.1,114.1,61.3,109.9,51.5,65.2,125.1,96.1,59.1,123.2,64.5,130.2,58.6,95.4,49.9,141.6,67.4,121.7,40.2,94.2,109.2,115.3,62.3,121.3
195519733161d7a41efeecc97abed7b2.jpg,0.5,male,0,0,134,93.6,109.8,97.7,127.1,93.8,103.6,92.1,75.4,67.6,91.1,81.1,88.1,83.2,125,94.2,91.8,88.9,98.7,116.5,84.9,83.7,122.3,74.9,107.7,107,86.4,118.7,109.4,85.8,116.1,109.8,96.8,107.8,86.9,75.5,137.7,92.5,95.5,124,101.3,130.9,94.2,97.2,94.7,142.7,101.8,122.8,79.9,91.3,131.8,114.1,98.4,121.6
1958ece20608fd596ad4419442de6c50.jpg,27.4,female,0,0,151.8,58.4,132.1,59.8,146.4,59,129.2,46.6,118.1,17,123.4,32.5,120.7,29.1,143.3,57.8,119.9,37.3,113.9,54.4,118.1,30.7,152.5,39.7,125.1,60.1,105.9,53.2,136.9,43.9,130.1,64.9,115.2,52.4,123.2,25.5,155.7,59.8,109,57.1,109.8,62.2,117.2,45.1,101,65.4,114,59.9,109.8,39.2,143,66.6,112.3,56.2
198ddffe0e81a7c088575c2c858874ba.jpg,25.1,male,0.3,0,101.5,103.3,85.3,92.1,96.7,101.9,79.2,87.8,64,70.5,68.3,81.5,64.3,83.4,93.7,100.5,64.5,83.5,59.1,99.9,63.7,79.7,101.4,96.4,74.9,100.9,56.7,89.8,86.1,88.2,79.6,105.5,62.7,93.4,67.2,77.7,105.6,105.5,54,103.3,53.8,109.7,65.2,86,46.9,112.6,58.9,106,60.6,81.4,92.1,115.4,54.9,107.5
19ecde3278d0bfe2eb79cbba36bc5ce5.jpg,46.7,male,0.3,0.5,87.7,68.9,73.7,71.3,83,69.1,65.6,67.5,44.4,55.9,54.8,63.3,53.5,63.6,80.9,69.6,55.1,67,59.6,83.3,52.2,63.9,80.6,60,68.9,78.4,50.6,83.7,69.9,63.4,76,79.9,59.9,79.2,52.3,59.7,91,68.4,59,87.4,60.9,90.8,57.5,71.3,56.2,95,61.4,86.9,48.8,70.5,86.6,80.3,60.4,86.6
1a53d932844f206e4d04e5912a7626a8.jpg,41.3,male,0.7,0.7,122.9,99.9,106.5,107.5,121.7,100.2,100.6,97,77,79.5,86.8,87.8,84.7,87.2,118.4,101,86.5,92.7,91.6,110.9,83.5,88.6,120.2,85.9,102.4,110.8,86.2,110.8,104.6,93.3,107.9,112,90.4,108.1,84.3,83.9,127,99.1,91.2,114.8,94.3,117.5,89.2,101,88.2,123.4,94.1,114,82.8,103.8,124.7,106.6,92.3,113.2
1a6551949fe6cf1450ea466352c5b2e5.jpg,45.2,male,0.7,0.6,80,98.6,63.2,97.6,75.2,98.9,59.3,93.7,50.4,80.5,53.5,87.6,52.2,88.8,73,98.7,52.3,90.8,52.1,109.2,51.9,87.3,75.6,88,59.6,105.5,47.5,103.7,64.2,91.2,64,109.2,52.8,103.1,53.2,84.6,83.4,98.5,51,112.6,52.3,117.2,52.9,94.8,50.6,122.9,53,112.9,47.8,93.3,76.9,112.7,52,113.6
1a9758769323eb38386e5b53dc517cb8.jpg,25.2,male,0.1,0,157.8,97.8,136.8,107.6,153.9,98.5,119.8,92.6,84.6,47.7,100.4,68.9,95.6,68.1,149.5,99,97.1,80,98.1,125.4,93,69.5,144.7,65.6,120.9,116.9,90.6,127.8,129.8,84.7,131.2,121.1,100.6,114.5,95.6,58.2,165.1,97.3,94.2,136.7,96.5,146.1,100.3,95.6,85.7,162.3,101.5,136.4,89.8,85.9,145.4,126.5,96.5,132.7
1ad41a6b71aa8896a5129bc0004ff903.jpg,28.4,female,0,0,153.6,127.9,126.1,132.2,145.9,128.7,115,116.6,86.5,75.8,100.1,99.9,98.3,100,139.8,128.5,99.1,108.4,101.1,145.6,95.9,100.1,138.7,95.2,116.3,140.8,85.5,142.5,122.9,109.2,125.1,148.3,102.3,136.4,97.6,91.2,163,127.4,99.2,152.6,102.3,160.1,101.3,119.8,85.8,166.8,103.2,152.6,85.7,119,144.3,153.1,101.3,152.1
1b5479cb4e3f45911c5d833ea51ab305.jpg,25.4,male,0,0,131.6,101.1,113.9,101.6,130,100.9,108.5,94.4,85.9,75.9,97.2,85.4,95,86.2,126.6,101,96,90.5,96.1,112.7,93,85.8,130.3,88.3,108.3,108.9,91,107.6,115.7,91,115.9,111.5,97,106.3,95,80.4,137.6,101.4,93.8,117,95.7,122.4,97,97.2,88.3,127.5,97.4,117.6,90.6,96.3,130.5,113.3,95.2,117
1b73f0434171e48e557689f170804904.jpg,21.5,male,0,0,120.1,56.4,95,49,118.4,55.5,87.6,45.3,66.4,30.9,78.7,43.3,74,40.3,114,55.3,75.1,48.8,69,76.4,71.3,42.8,125.1,48.9,87.4,67.2,56.3,65,100.4,42.7,98,73.5,71.3,65.1,77.2,37.5,125.8,57.7,61.6,82,65.5,89.2,73.5,53.9,54.2,103.5,69.9,83.4,63.1,48.3,117.3,79.1,65,78.6
1ba0aa6568e407321ded03545a667964.jpg,26.9,male,0,0,150.5,109.1,122,113.8,142.6,108.9,112.3,99.6,84.4,59.7,98.4,80.1,95,79.1,138.1,108.9,96.3,89.2,98.3,127.4,89.3,80.9,145.6,81.4,114.2,120.8,82.3,129.8,121.6,93.5,123.5,125,98,119.2,94.4,70,156.8,109.1,93.3,136.8,99.8,145.3,97,104.4,93.5,156,102.6,136.4,79.9,101.2,146.7,134.8,99.2,136.4
1bd52c26e0f8e6aed0597ccea1054ba7.jpg,24.6,female,0,0,76.4,91.1,62.5,92,75.4,91,55.9,85.7,31.7,64.8,44.9,77.2,41.7,77.5,73.2,91.3,43.2,83.2,43.5,102.3,39.1,77.8,72.5,78,55.5,97.4,33,100.1,61.7,83,62.3,100.3,44.8,97.1,41.4,71.9,80.9,90.9,40,108.1,43.4,113.6,44.4,87.8,32.7,120.4,45.6,107.9,32.5,85.6,73.9,104.1,42.6,107.5
1bec68c9a8124e10a5115f9f744d9d3e.jpg,34.4,female,0,0,95.3,50.5,83.2,49.4,90.9,50.9,80,46.3,69.6,35.4,75.7,41.6,74.6,43.2,89.1,51,74.5,44,73.9,59.1,73.9,41.6,91.7,42.1,79,54.4,69.4,54.5,83.7,43.8,82.7,57.8,74.1,54,74.9,39,98.5,50.8,72.5,61.5,72.8,64.7,74.6,48.2,67.4,69.6,74.4,61.8,70.1,45.5,90.8,63.4,73.3,63.2
1c0954bb55130ccc84500538bd05b82d.jpg,3.4,female,0,0,116.3,102,98.3,99.7,114.8,101.4,96,94.8,78.4,68.1,89.6,82.2,86.1,82.7,112.6,101.1,87,89.1,85.1,111.4,83.2,81.9,118.7,89.2,95,105.4,74.7,108.9,103.8,90.5,101.8,110.9,85.7,103.7,87.5,76,120.3,102.4,80.3,117.1,83.3,123.9,85.9,97.3,75.2,132.2,86.5,117.7,75.7,90.3,116.6,115.4,83.5,116.9
1cf211e901aeaa2154c0db93626a94b1.jpg,35.3,male,0,0.1,175.5,68.2,145.5,62.3,169.8,66.3,129.2,57.8,80.4,29.9,108.5,44.9,104.3,47.3,166.6,66.4,106.3,53.7,112.7,97.7,100,46.3,161.7,38.4,133.3,84.7,90.4,87.4,142.2,45.9,150.2,92.9,112.2,82.6,102.6,38,182.9,67.6,108,107.7,113.2,117.8,109.5,64.5,97.7,133.5,116.5,107.6,86,60.2,172.8,105.9,112.5,107.8
1cf6648fe4cc1f22bd96c40d7b8415bf.jpg,47.5,male,0.3,0.7,95.3,100.9,81.2,101.8,94.1,101.4,75.5,93.9,62.2,74.8,66.1,85.2,64.1,87.3,92,101.5,64.8,89.2,65.1,109.4,62,85.5,93.1,85,75.2,107.6,58.7,103.5,80.9,90.7,81.1,112,66.2,103.5,64.6,80.9,98.8,101.2,61.7,113.9,64.8,118,66,95.9,60.3,124.8,66.6,113.7,59,96.7,95,114.2,64.5,115.3
1d004f32b147033a6106a26b754561a8.jpg,25.5,female,0,0,130.5,80.4,121.6,77,128.9,80.6,115.8,75.7,99.2,69.7,108.6,73.6,107.9,73.9,127.6,80.4,107.6,76.6,109.6,89.6,107.5,73.4,128,76.3,117,85.2,103.4,84.9,119.2,73.9,121.1,87.4,108.4,83.7,107.5,70.6,133.5,80.5,109.8,93.2,110.2,97.3,107.9,78.5,103.4,100.7,111.2,93.3,102.2,76.1,130.1,92.2,110.5,93.8
1d0444abc3462ec0bc72d77bc3cae920.jpg,29.3,female,0,0,87.8,50.8,80.2,52,87.6,50.6,75.2,48.6,59.4,34.1,65.9,41.9,63.2,43,86,50.6,65.5,46.3,66.5,60.3,61.7,43.1,85.8,43.3,75.9,56,62.6,59.4,78.8,46,80.2,57.5,67.4,55.2,63.2,38.7,90.8,50.5,64.2,63.9,66.8,66.8,66.8,50.3,62.5,71.7,68.4,63.5,62.2,47.5,87.7,58.4,65.8,63.8
1d675c46e1660b9eb9a40db6b3421650.jpg,45.1,male,0.3,0.5,61.1,96,49.7,97.2,56.3,96.4,45,93,35.3,83,40.3,88.6,38.6,89.2,54.6,96.5,39.4,91.8,40.9,104,37.7,88.8,55.2,86.8,45.6,101.3,37,102.4,48.9,90.2,49.5,104,40.8,99.7,39,86.1,63.6,95.9,39.6,106.9,41,109.9,40.5,95.7,37.9,112.2,42,106.8,36.6,93.5,57.1,105.8,40.4,107.3
1d78b9092d611a4c5dccd46011398eab.jpg,33.4,male,0.4,0.5,120.1,78.2,104.2,66.7,114.7,75.8,96.9,65.3,80.7,57.4,89.3,65.7,86.4,67.2,112.7,74.6,85.8,67.7,82.9,81.5,84.4,64.2,116.7,74.2,95.7,76.9,79.6,72.9,104.6,64.6,100.5,80.9,84.9,74.3,87.8,62.8,124.1,79.5,79.4,84.3,81.2,90,86,68.2,74,96.8,84.6,85.9,81.6,65,109.9,91.4,81.7,86.7
1d87fc43418fb20b7765c85f79160efe.jpg,22.3,male,0.1,0,157.7,98.9,142.5,104.3,152,101.5,129.7,95,99.6,69.9,111.1,83.8,107.3,84.7,149.3,102.1,109.3,90.3,109.3,115.4,105.9,85.1,142.5,80.1,127.7,112.6,104.9,111.8,135.7,89.3,135.1,117.3,111.4,109,107.1,78.2,162.2,98.6,106.2,120.5,107,126.6,112.1,98.2,98.6,134.2,111,121.6,103.5,92.4,143.6,119.8,108.1,120.4
1d8d481a5b1d0a5fe828550cef8374e9.jpg,22.6,female,0,0,93.8,101.4,80.3,105.2,91.1,100.8,74.3,95.2,50.1,71.5,61.7,84.8,58.7,84.2,88.7,100.9,60.3,90.6,62.9,108.4,57,85.4,87.6,85,74.2,108.4,54.9,109.6,79.3,91.6,79.2,111,63,104.6,58.7,79.6,97.2,101.5,59,112.7,61.3,118,62.2,96.9,53.3,124.4,64.2,113.6,52.9,95.3,88.2,109.8,61.2,111.7
1dae485f260b955bb78054702c3e6850.jpg,22.6,female,0,0,138.6,105.9,119.5,100.6,138.8,104.4,109.3,91.2,68.9,48.8,87.6,72.8,82.4,74.7,134.9,103.7,86.6,83.9,83.4,120,79.5,74.1,132.6,80.4,109.2,112.5,63.5,118.6,119,86.4,117.7,117.5,87.2,109,84.1,64,145.8,106.2,76.5,130,79.8,140.4,87.9,94.6,62.4,155.4,84.8,131.3,64.2,83.3,129.5,130.4,79.7,129.1
1e4a0f4861c35d367f3f9b2cd29a4830.jpg,33,male,0.5,0.5,105.2,99.4,82.7,105.8,99,100.8,75.6,94.5,59.4,64.8,63.4,81.2,61.6,82.1,95.2,101,63.3,87.8,66,113.6,59.5,81.8,97.8,75.2,78,109.9,56.6,111.5,81.2,87,85.4,113.9,66.9,107.3,62.2,75.3,110.6,99,64.1,119.3,68.5,124.1,65.6,96.7,64.1,133,67.8,118.5,54.8,96.9,102.9,117.5,66,119.2
1e84bfe1c9bbd549913aad1bc57c8878.jpg,23.4,male,0,0,58.2,87.7,49.7,88.3,57.4,87.7,47.5,81.9,37.8,66.9,42.8,74.6,40.7,73.3,55.9,87.5,40.6,77.4,38.7,87.2,39.5,73.9,59.5,79.4,46.4,89,34.5,86.9,51.3,80.6,49.5,90.6,39.9,85.9,41.3,71.1,60,88,36.6,89.5,37,92.3,40.5,81.5,32.3,94.2,39.4,90.6,36.3,79.7,57,92.1,38,89.5
1ea8ecf200648f3f27f8119aa9234fb4.jpg,28.8,male,0.3,0.3,157.1,94.9,138.4,94.1,156.3,94.8,132.4,87.4,113.2,62.9,122.9,77.3,119.4,77.9,153.3,95.1,120.3,83,120.4,109.2,116.9,77.8,156.3,78.6,133.3,101.5,109.2,103.5,139.6,83.3,141.5,104.8,120.8,99.7,119.9,71,160.5,94.4,117.3,115.6,121,121.2,120,91,115,128.3,123.3,115.3,109.4,89.1,156.6,111.9,119.8,114.7
1ea8f49036a03df4ffaba40b56104a86.jpg,30.4,female,0,0,116.3,112.7,97.8,118.1,110.5,113.8,91.6,102.6,81,59.6,82.7,81.3,79.2,79.8,108.4,113.5,78.9,88.2,71.4,112.1,76.8,79.5,114.5,88.1,87.1,117.5,62.7,114.7,99.7,99.5,92.9,122.9,74.3,109.7,81.8,73.8,121,114,65,116.4,66.9,123.9,76.9,99.5,55.6,130.3,71.3,119.1,68.8,91.6,102.7,123.9,69,115.7
1f3d2d99a41d067d63cd866aa91cd2e8.jpg,24.7,female,0,0,162.3,127.8,131.3,136.6,151.7,128,119.9,116.8,85.7,80.8,105.8,100.7,100.8,100.6,147.3,128.7,103.4,109.8,103.2,142.4,98.9,102,147.1,99.1,121.1,143,89.1,141.7,129.8,109.2,130,148.5,104,136.5,100.5,93.1,171.2,126.9,98.6,150,100.8,157.4,103.2,121.7,84.4,165.1,105.4,150.7,87.7,120.6,149.4,142.7,101.5,148.6
1f5c37ebe54ebf1d671c82bebc77d8e9.jpg,23,female,0,0,127.8,108.6,99.5,110.1,123.9,109.1,91.1,102.9,62.7,73.9,79.6,87.5,76.1,87.9,119,108.9,77.7,95.6,81.4,128,72.8,88,124.8,88.1,92.8,120.2,65.5,126.6,102,95.7,106.5,123.9,81,118.9,76.3,79.1,134.8,107.9,77.5,135.8,82.4,143.6,79.4,105.3,71.5,154.3,84.6,135.8,65.1,103.2,127.5,127.6,80.5,135.3
1f81341e9f258782b1664e03abd9d148.jpg,24.1,female,0,0,171.5,108.9,155.9,109.6,172.7,108.9,143.2,95.6,109.3,50.8,124.1,75,118.6,75.5,170,108.8,120.9,86,119.4,120.1,116,75.9,168.5,86.6,142.5,116.2,109.9,122.6,153.4,91.2,151.9,122,122.2,110.4,119.3,64.9,178.6,109.9,114.4,128.9,115.4,139.3,123.1,96.9,103,146.1,121.3,130.8,111.3,84,165.2,127.3,115.9,129.4
1f94c77c6ef2277bce19987e57628c71.jpg,29,female,0,0,116.5,133.3,99.7,127.8,109.9,131.1,95.6,121,81.4,95.4,86.1,109.3,83.9,109.1,106.9,130.2,83.8,113.9,77.9,134,81.7,108,111.8,119.3,91.7,132.3,70.3,127.5,101.1,120.2,96.2,137.1,80.8,127.1,85.7,104.4,120.7,134.7,73.3,137.5,74.8,143,83.3,119.5,67.3,150.7,77.4,139.2,74.1,112,105.6,144.2,75.2,138.6
1f9e9fb83bbd77faf931a31954897875.jpg,45.8,female,0,0,148.7,71.5,116.2,67.5,144.7,70.7,105.9,69.6,64.5,61,87.9,68.5,83.3,64.9,141.1,70.6,88.7,76.2,96.5,107.3,81.9,71.6,140.6,58.7,115.3,90.4,85.4,95.5,114.2,61,129.1,93.3,94.3,93.5,81.9,63.9,155.7,69.7,93.1,117.9,100.3,126.9,91,81.9,96.2,145.5,100.8,116.2,80.1,79.8,157.2,98.4,95.2,110.1
1fdd377d58a2982afe312b8b7c7b7365.jpg,22.9,male,0.2,0,136.2,116.8,120.5,118.1,132.4,118,117.8,113.4,99,90.4,108.2,104,106.5,104.6,128.9,118.6,107.8,109.3,110.4,128.2,105.6,104.5,134,102.6,118.4,123.7,98.2,127.1,123.5,108.9,123.1,126,109.1,122.3,106.6,99.6,140.5,116.2,108.7,133.1,110.7,138.7,108.5,114.8,102.3,144.9,111.5,133.3,97.3,112.5,133.8,131,109.9,132.7
1ff4bd93618179366c1c56ede3381730.jpg,25.9,male,0,0,83.8,100.8,72.9,95.8,80,99.8,69.4,91,63.1,76.4,63.7,84.7,62.5,86,78.3,99.1,62.3,87.6,57.5,101.9,62.4,84.3,81.9,90.7,66.8,100.8,54.8,95.2,74.2,90,69.6,103.9,59.6,96.7,64.1,81.8,87.1,102.2,55,104.9,55,108.5,61.9,90.1,49.8,114.3,56.6,105.5,58.1,87.3,75.3,111.8,55.2,106.3
203a398312e0e59f1aba7778bd383ea7.jpg,29.6,male,0.1,0.1,139.7,49.5,104.5,61.7,130.6,53.2,95.4,45.6,64.9,8,77.7,27.1,74,28.6,126.6,53.9,76,37.5,86.2,71.4,69.9,28,129,17.1,97.5,69.2,70.2,73.5,103.7,36.6,109.3,72.5,82.3,67,73,19.1,145.6,48.4,86,79.2,91.8,85.8,79.4,52.3,87.3,97.2,91.3,77.8,63,50.4,136.8,71.9,88.2,78.5
20707a6c283ecead2a3cae9c1795076c.jpg,29.2,female,0,0,119.9,87.5,96,90.1,115.1,87.5,89,87.4,56.6,72.8,75.5,80.6,72.9,83.9,112,88.2,74.7,87.8,77.1,111.9,69.6,82.3,115,78.2,92.4,103.7,66.2,103.3,94.9,81.2,100,104.7,77.5,102.1,70.6,75.7,124.4,87,74.2,119.6,78.2,126.1,76.3,91.4,71.4,139.9,80.2,119.1,64.4,90,120,105.9,77.2,120.5
20ccce31bd5ab239eaec2c8c3254253b.jpg,28.5,male,0.3,0.2,112.9,128.8,98.6,127.7,108.6,129,93,126.6,78.9,117.2,85.3,125.5,84.7,125.9,106.2,129.3,85.2,128.9,87.7,144.9,83.8,125.6,106.7,120.6,95.5,137.4,80,139.1,96.9,122.7,100,140.6,87.1,138.1,84.5,122.4,115.5,128.6,87.1,149,88.8,153.3,85.9,130.3,86.6,161,88.8,148.9,79.1,128.7,111,146,88,149.2
20d80145f63ccb97a10b2635e6a78283.jpg,27.1,female,0,0,96.4,116.8,80.7,108.9,96.3,115.8,75.9,99.2,67.3,73.5,68.6,89.1,65.9,89.9,93.1,114.5,64.7,92.7,56.6,114.5,64,87.9,100.5,104.8,71.1,116.2,52.4,105.4,84.8,100.2,76.6,121.7,60.5,107.9,68.4,83.7,100.2,118.8,51.9,117.1,51.8,122.9,63.9,97.1,42.5,129.2,56.3,119.8,58.6,93,92,127.9,53.7,119.7
20f2c0f1d43160e142ea84f61d2dfe84.jpg,32,male,0.2,0.5,110.1,120.2,86.7,123,108,119.9,81.5,110.4,57.6,77.4,68,94.7,64.8,92.8,102.6,119.7,65.8,100.8,64.5,126.5,61.3,93.9,110.4,100.8,80.3,126.4,53.3,123.3,89.7,104.5,87.9,131.4,66.6,123.2,65.7,88.4,118,120.1,59.6,132.1,63.2,139.4,66.9,112.4,53.6,144.5,65.8,133.1,54.1,108.6,107.4,135.4,62.8,131.1
20f3988e07f72a02fb8b55f4634486f3.jpg,42.1,female,0,0,151.2,95.1,116.4,91.9,138.4,93.6,108.7,78.5,79.9,37.5,92.4,61,89.8,61.4,134.2,93.2,89.3,68.6,84.9,103.1,85.5,59.5,144.5,71.4,105.9,99.9,69.1,96.3,120.6,73.6,116.1,107.3,86.4,93.1,91.8,53.5,158.1,97.3,78,109.8,80.7,119.2,88.3,79.5,64.1,128.3,84.4,111.9,73,70.1,137.7,113.9,81,109.7
2148f403fa9048f01c3a25d4a0c17c18.jpg,44.5,female,0,0,80.9,86,72,84.9,78.6,86,67.9,82,52.5,70.8,59.9,78.3,58.2,78.1,77.2,85.7,59.4,81.4,60.3,93.5,56.9,78.6,76.8,79.6,67.9,89.7,55.9,91.3,71,80.7,72.1,91.7,60.1,90,57.9,75.2,83.2,86,58.9,96.7,60.6,100.4,60,84.1,56.2,106.3,61.5,96.8,54.7,81,78.1,95.8,59.8,96.3
2158cd57f6eeb42e82f15252162131d9.jpg,9.1,female,0,0,75.3,140.2,63.7,144.7,72,142.2,60.2,143.4,44.7,139.8,54.8,142.1,53.6,143.5,70.3,143,55.2,145.6,61.2,157.4,51.8,143.9,69.1,135.2,64.5,150.8,55.2,158.5,62,140.6,68,150.8,58.9,152.5,52.2,140.2,77.2,139.1,61.3,161.3,64.4,163.5,56.5,147.8,60.9,170.6,63.9,159.9,50.2,147.8,76.9,150.9,62.6,160.4
2212465c3fd8e6048d2ee98910f1b650.jpg,35.8,female,0,0,141.2,123.3,124.1,118.5,141.8,121.1,117.7,115,87.3,94.2,101.8,107.4,99.4,109.3,138.5,121,101.1,113.3,107.5,140,97.2,108.7,135.8,107.2,120.3,133.5,96.7,136.7,123.7,109.6,128,136.8,107.1,132.4,98.4,102,146.4,123.1,104.8,146.9,108.9,153.1,104.6,118.8,101.8,166.4,110.4,146.7,94.2,118.3,140.8,145.3,107.1,147.2
226cec9fed83c4872057197cf78c0368.jpg,28.8,male,0.2,0.4,128,98.2,92.1,100.6,122.7,99.5,89.2,88.6,62.9,59.2,76.3,77.1,74.3,76,117.4,100.3,75.4,84.3,80.2,121.2,71.8,76.6,126.5,74.8,89.9,113.3,61.7,114,100.3,83.2,101.6,117.1,77.1,109.8,75,68.8,133.8,96.4,79.7,127.6,84.3,133.3,75.3,94.9,77.4,141,83.4,126.5,58.9,90.5,131.1,121.2,81.8,127.4
2275db606709c3e7e0704afb318ca837.jpg,24,female,0,0,142.1,151.4,122.8,147,141.8,151.2,117.1,138.6,91.3,113,101.6,126.4,98.7,126.9,138.5,150.7,99.2,134,96.1,162.8,95.6,126.3,139.8,131.8,114.2,157.6,85.6,159.4,124.3,134.9,121.3,163.2,98.9,154.6,100.4,119,146.6,151.7,92.3,170,95.1,177,99.3,142.4,87.2,188.7,97.8,170.2,89.3,137.6,136.9,171.5,94.9,169.8
2278874482655e4b3ecbfa5ee136c085.jpg,31.2,male,0.2,0.2,147.9,155.8,116.1,151.8,138.6,153.7,114.5,144.5,101.6,120.2,107.1,133.6,103.8,136.2,135.4,152.9,104.2,139.5,101.8,164.1,100.9,133.1,145.8,138.9,113,158.5,91.9,157.3,123.2,141.8,121.7,163.9,102.1,155.6,105.2,127.3,151.9,156.6,97.7,169.7,100.4,176.4,103.2,145.5,92.6,181.7,103.6,170.3,95,142.4,143.5,170.9,101.2,170.7
2283d00ce1c5e411b7e1bd08e59b1ce9.jpg,26.6,male,0.3,0.2,103,101.5,90.6,101.3,99.1,101.1,87.7,96.3,80,84.3,83.5,90.7,82.5,90.9,97.7,100.8,82.7,93.2,83.1,107.8,81.7,90.6,99.3,89.8,87.6,105.5,78.1,104.5,91.9,94,91.8,107.9,82.9,103.6,83.3,88.4,105.7,101.2,81.9,110.3,83.3,113.4,82.9,97.5,80.9,118.5,83.7,110.4,77.7,96.5,99.4,111.8,82.6,110.5
2299e495028c6dc2aa3b25c4afaa6ba8.jpg,35,female,0,0,79.1,128.5,69.4,121.8,74.4,126.9,65.4,120.1,53.3,109.1,57.8,115.8,56.3,117.2,72.9,126.5,56.7,118.5,54.2,128.9,55.3,115.7,74.7,122.9,64.1,127.1,48.6,123.7,69.1,119,67.2,130.1,55.9,125.1,57.3,113.2,81.4,128.9,52.1,131.2,52.9,134.7,57,120,47.9,138.3,54.5,131.8,50.9,115.7,71.9,138.2,52.8,133.3
22aaca5c6b9541dac939408585d78f94.jpg,49.7,female,0,0,63.6,69.5,54.5,67.5,64,69.7,50.1,64.1,39.2,49,42.5,57.9,41,58,62.6,69.8,41.6,61.2,40.4,76.2,40.1,57.6,64.1,60.8,49.5,72.9,36.3,74.7,54.9,61.6,53.5,75.5,41.4,70.7,42,54.8,65.5,69.4,38.6,79.5,40.1,82.9,41.7,64.8,36,86.8,41,79.3,37.4,62.9,62,80.1,39.7,79.5
22fd24d7ecef9302e3e705c631c48d82.jpg,39,male,0.3,0,133.2,100.3,117.5,99.4,132.6,99.6,103.8,86.3,82.1,60.5,90.3,76.4,87.6,76,130.6,99.2,88.1,82.3,88.7,119.4,86.8,75.3,129.4,76.8,103.4,112.8,78.7,110.2,113.1,82.6,113.5,117.1,89.1,108.2,89.2,70.4,137.4,101.1,86.1,126.5,87.8,133.7,89,94,82.8,143.5,90.4,126.4,77.8,85.6,128,125.2,87,126.3
232d50bbb0392506ae60f8c730ecdef7.jpg,47.4,male,0.7,0.7,119.1,108.3,89.2,110,112.8,108.6,81.9,99.5,65.1,68.7,71.8,87.1,69.1,84.9,106.5,108.4,68.8,93,66.9,117.5,66.3,85.7,113.1,83.7,81.7,117.5,54,115.1,90.5,94.2,90.6,123,67.9,113.7,72.1,79,126.8,108.8,62.7,123.9,65.8,129.9,69.8,98.9,57,135.5,68,124.5,57.7,96.3,110.5,127.9,65.3,123.6
23589113cc7df62eba700217c563f0a5.jpg,28.8,male,0.2,0.4,159.6,67.5,141.7,83.1,158.5,69.8,126,69.4,81.4,42.3,101.3,59.2,97.4,59.7,154.4,71.3,101.1,67.9,107.4,93,94.6,61.2,148.1,42,131.8,90.7,99.8,92.7,130.6,60.3,141.2,91.7,106.9,90.3,94.6,52.4,167.3,65.3,105.9,100,110.1,107.1,104.2,77.6,104,116.5,112.2,99.1,93.6,84.6,157.2,85,107.8,99.4
23b1f96d75c2e58f5a88da09018553ad.jpg,65.2,female,0,0,81.5,73,66.2,77.9,75.8,73,61.7,69.1,47.3,50.3,53,59.2,52,59.5,73.9,73.4,52.3,64.3,54.5,80.5,50,59.2,74.3,57.1,62.3,79.7,49.4,78.5,65.8,65.4,67.1,82.2,54.6,77.2,51.5,54.8,84.6,72.7,53,84,54.9,87.5,54.1,71.2,50.4,91.1,55.8,84.2,47.2,70.4,77.2,80.5,54.8,84
23c6d7080f1386eab43128fe2b75114e.jpg,28.5,male,0.5,0.4,139.6,39.7,113.5,34.6,131.5,39.1,106.8,29.1,85.4,3.8,94.9,19.6,92.3,20.3,128.6,38.9,92.9,26,91.7,57.2,90.6,18.9,131.9,22.9,106.7,46.4,82.7,51.3,115,25.6,115.2,51.3,93.7,44,94.1,12.6,144.1,39.7,89.4,64.2,92.4,70.3,93.9,33.9,86.5,85.2,93.3,63.8,84.2,26.3,130.9,66.8,91.1,65.2
23da2ec77ffabd57d947afb046654588.jpg,27.3,female,0,0,113.4,82.8,98,74.3,109,80.8,91.9,70.2,76.3,45.7,84.7,59.7,81.2,57.8,106.3,79.8,80.9,65.1,73.9,84.7,78.5,58,110.9,71.8,88.8,82.7,66.9,79.3,98.9,68.5,92.5,87.8,77.2,79.1,83.2,53.6,119.4,84.3,67.9,89.8,69.6,98.1,80.5,69.3,58.8,106.2,74.3,92.1,74,60.9,102.8,99.5,71.2,89.1
23f3ba83c169ad58b0db6ec2c262791f.jpg,25.8,male,0.1,0.2,79.4,99.1,64.1,100.2,78.4,99.3,60.9,92.9,48,70.7,53,82.5,51.1,81.9,75.8,99.6,50.8,87.3,48.3,105.2,49.4,82.5,80,86.4,59.5,103.5,43.8,101,67,89.9,65,107.2,50,100.4,51.9,77.3,84.5,99.7,46.3,109.8,47.8,113.9,50.8,92.5,42.1,120.2,49.6,109.7,44.9,90.6,77.4,110.3,47.9,109.4
23fe32c9bfc0b050ada5537eb53aa066.jpg,29.8,male,0,0.1,121.8,91.3,100,83.8,115.3,90.6,93.5,79.1,71.5,59.9,80.7,71.9,78.2,72.6,111.9,90.4,78.4,76.4,76.2,100.4,75.7,71,115.2,77.4,91.8,95.3,66.7,95.2,100.5,76.9,98.3,100.5,77.8,90.9,79.8,66.8,125.8,91.4,72.6,105.8,75,111,78.9,80.6,68.4,120,76.8,106.4,71.4,77.5,112.2,110.6,74.5,105.9
2445f84421d3b66f571ce08203bc9fac.jpg,19.3,female,0,0,122,94.4,101.6,90.3,120.7,95.1,88.7,77.6,51.8,40.7,68.9,60.5,64,62.2,117.3,94.2,65.2,70.5,61,109.2,60.9,61,119.4,73.7,85.4,100.9,48.7,100.2,100.4,75.8,96.6,108.5,64.3,95.9,64.9,52.2,127.7,95,55,116.9,58.5,126.3,65.4,79,42.5,136.4,63.7,118,50.9,72,114,120.3,58.2,117.9
24737524ccca34488d3ef9f3f13968b9.jpg,41.8,male,0.1,0.2,126.6,73.7,107.5,74.9,119,74,104.8,69.2,95.1,51.1,97.7,62.7,96.6,62.1,117.4,74.2,97,66.3,97.9,82.3,95.6,62.6,120.3,59.8,104.8,80.3,92.3,81.1,109.3,65.9,110.1,82.4,98,78.2,97.2,59,128.6,73.7,97.3,85.9,99.1,88.9,97.7,70.5,96.6,95.1,99,85.5,91.5,68.4,121.2,87.1,98.1,85.1
2478f7b52e5ecfcfdc33bb448ffddbb8.jpg,29.6,male,0.6,0.6,148.7,92,130.9,87.8,145.2,92,120.7,78.3,95.3,42.7,108.4,61.7,104.5,61.2,143,91.2,104.2,67.9,96.6,96.9,102.8,60.6,146.7,72.6,116.3,94.7,82.8,85.7,131.5,75.9,124.6,101.9,100.3,86.1,107.4,54.2,153.9,93.5,90.6,103.2,91.6,111.4,102.9,75.8,76.1,117.3,96.8,104.7,89.3,65.5,136.2,112.8,93.3,104.5
2484bbf09ac44be398d34de5e2bc8470.jpg,24.9,male,0,0,128.7,98.8,112.2,96.3,127.6,98.6,101.8,89.2,74.6,67.3,83.6,79.4,82.1,79,125.6,99,81.3,86.6,82.9,115.1,78.9,79.8,126.5,84.4,101.7,107.8,73.6,111.1,109.9,86.4,111,112.2,83.5,105.5,81.1,72.2,133.8,98.6,81.4,121.8,84.4,127.9,82.5,92.2,80.8,138.3,85.9,121.3,73.3,91.2,128.4,116.8,85,122
248fc6226e630de47d3658dcfea5762d.jpg,26.7,female,0,0,100.4,85.1,80.8,76.5,94.9,83.7,76.1,74.1,60.5,61,68.9,72,66.5,74.1,92,82.9,67,76.2,63.4,95.9,64.8,70.5,97.7,75.5,75.5,87.7,53.3,88.4,82.9,72.4,81,93.2,65.3,87.5,68.1,67.5,104.9,86.1,59.1,101.1,60.8,107.5,65.9,78.9,54.8,115.7,63.9,101.8,56.4,74.1,92.2,104.6,60.7,103.2
24e71636b138d33328de3dde6f944d69.jpg,23.6,male,0.5,0.3,112.9,91.3,92.9,91.4,111.2,90.6,90.8,79.9,76.2,52.1,83.5,65.6,81.4,64.8,106.9,90,80.4,70.8,78.4,90.7,78.9,64.8,115.2,76.2,87.4,94.3,71.8,90.9,97.8,77.2,93.3,98.3,78.5,89.2,82.1,59.7,117.3,91.8,75.5,95,77.2,99.4,79.7,79.2,68.9,105.1,80.1,95.6,72,78.2,111.1,98.5,77.6,94.1
251378ec4593440cbbb4984bc1520845.jpg,33.1,female,0,0,92.8,119,82,121.9,91.9,118.6,75.1,113.9,56,92.1,64,102.1,62,101.8,90,118.3,63.1,107.2,62.7,128.3,60.7,102.6,89.8,103,74.9,125.3,59.1,127.6,81.1,110,79.8,127.8,64.4,123.7,62.1,97.7,97.1,119.2,60,131.7,61.2,137.1,64.4,115.4,55.2,140.3,63.7,133,59.3,112.6,88.3,130.4,61.8,131.1
251aeeb688449ad5fc1cf83d5083b9c4.jpg,23,female,0,0,134.6,100.3,109.9,98.4,126.9,100.6,104.6,91.8,85.6,65.5,92.8,80.7,91.4,79.7,123.4,100.2,92.2,86.6,91,112.5,89.5,80.5,128.3,81.8,104.8,107.9,81.9,107.5,112.5,86.4,111.8,113.5,92.5,105,92,74.5,138.8,100.6,88.6,118,90.6,123.2,92.9,95,82.5,134.2,91.5,117.8,81.9,90.4,127.7,119.9,89.9,116.9
25293c6e9cba5fd32ea8f3ca85047590.jpg,36.9,female,0,0,160,111.5,139.7,118,154.1,111.4,125.7,103.9,95.6,69.3,108.6,85.2,105.9,83.9,150.3,111.7,107.2,92.6,108.2,129.9,104.3,85.4,149.5,80.9,124.2,125.3,103.7,124.4,132.9,97.9,132.7,130.3,109.9,121.9,105.9,77.6,167.4,111.9,105.6,137.4,107.5,145.1,109.8,107,98.2,159.6,109.6,137,102,100.6,150,139.1,106.9,136
2538911c6b77144db1ed18e76bb35019.jpg,7.6,female,0,0,77,96.9,68.3,96.7,76.5,97.3,65.6,94,57.6,81.8,60.7,89.6,59.6,90.3,75.2,97.2,60,92.9,60.7,104.7,58.6,89.9,75.2,88.8,66.2,101.4,55,104.8,69,92,70.2,103.2,60.7,100.9,59.7,86.8,78.9,96.8,59.3,107.9,61,110.9,60.5,95.9,58.5,115.9,61.8,107.7,55.3,92.4,77.2,105.5,60.5,107.7
253d0620af7ceaed6a78c1798bfab56b.jpg,53.5,female,0,0,98.4,130,79.5,130,96.9,130.3,77.3,120.4,64.5,92.9,69,105.3,67.7,104.4,94.1,130.4,67.3,110.1,67,128.9,65,105.3,98.4,111.6,75,132.1,61.7,129.7,83.4,116.6,80.9,136.4,66.7,127.3,68.6,100.4,101.5,130.2,63.6,133.9,66.2,138.5,67.7,118.7,62,143.9,67.8,133.9,61.4,115.3,96.1,140,66.1,133
